address,size,name
0x401000,42,fcn.00401000
0x401070,57,fcn.00401070
0x4010b0,95,fcn.004010b0
0x401110,99,fcn.00401110
0x401180,53,fcn.00401180
0x4011c0,93,fcn.004011c0
0x401220,61,fcn.00401220
0x401260,61,fcn.00401260
0x4012a0,126,fcn.004012a0
0x401360,2239,fcn.00401360
0x403180,13,fcn.00403180
0x406bf0,13,fcn.00406bf0
0x406c00,3,fcn.00406c00
0x406c10,46,fcn.00406c10
0x406c40,35,fcn.00406c40
0x406c70,19,fcn.00406c70
0x406da0,11,fcn.00406da0
0x406ee0,29,fcn.00406ee0
0x406f00,52,fcn.00406f00
0x406f50,46,fcn.00406f50
0x406f80,613,fcn.00406f80
0x4071f0,340,fcn.004071f0
0x407350,40,fcn.00407350
0x407410,143,fcn.00407410
0x407560,639,fcn.00407560
0x407d40,296,fcn.00407d40
0x408090,111,fcn.00408090
0x408830,229,fcn.00408830
0x4089a0,578,fcn.004089a0
0x408c40,112,fcn.00408c40
0x408cb0,602,fcn.00408cb0
0x408f10,32,fcn.00408f10
0x408f30,546,fcn.00408f30
0x409160,783,fcn.00409160
0x409470,176,fcn.00409470
0x409730,1678,fcn.00409730
0x409dc0,208,fcn.00409dc0
0x409e90,144,fcn.00409e90
0x409f20,83,fcn.00409f20
0x409f80,185,fcn.00409f80
0x40a040,185,fcn.0040a040
0x40a100,75,fcn.0040a100
0x40a150,265,fcn.0040a150
0x40a260,834,fcn.0040a260
0x40a5b0,19,fcn.0040a5b0
0x40a5d0,473,fcn.0040a5d0
0x40a7b0,644,fcn.0040a7b0
0x40aa40,725,fcn.0040aa40
0x40ad80,834,fcn.0040ad80
0x40b0d0,229,fcn.0040b0d0
0x40b1c0,244,fcn.0040b1c0
0x40b2c0,85,fcn.0040b2c0
0x40b320,68,fcn.0040b320
0x40b370,19,fcn.0040b370
0x40b390,401,fcn.0040b390
0x40b530,627,fcn.0040b530
0x40b7b0,720,fcn.0040b7b0
0x40ba80,37,fcn.0040ba80
0x40bb00,686,fcn.0040bb00
0x40bdb0,244,fcn.0040bdb0
0x40bfe0,535,fcn.0040bfe0
0x40c230,17,fcn.0040c230
0x40c250,664,fcn.0040c250
0x40c510,24,fcn.0040c510
0x40c530,34,fcn.0040c530
0x40c560,19,fcn.0040c560
0x40c580,34,fcn.0040c580
0x40c5b0,19,fcn.0040c5b0
0x40c5d0,34,fcn.0040c5d0
0x40c600,494,fcn.0040c600
0x40c7f0,511,fcn.0040c7f0
0x40c9f0,50,fcn.0040c9f0
0x40ca30,19,fcn.0040ca30
0x40ca50,467,fcn.0040ca50
0x40cc30,3,fcn.0040cc30
0x40cc40,52,fcn.0040cc40
0x40cc80,30,fcn.0040cc80
0x40cca0,781,fcn.0040cca0
0x40cfb0,66,fcn.0040cfb0
0x40d000,18,fcn.0040d000
0x40d020,532,fcn.0040d020
0x40d240,52,fcn.0040d240
0x40d280,3,fcn.0040d280
0x40d290,477,fcn.0040d290
0x40d470,48,fcn.0040d470
0x40d4a0,3,fcn.0040d4a0
0x40d4b0,3,fcn.0040d4b0
0x40d4c0,19,fcn.0040d4c0
0x40d4e0,3,fcn.0040d4e0
0x40d4f0,35,fcn.0040d4f0
0x40d520,35,fcn.0040d520
0x40d550,46,fcn.0040d550
0x40d580,35,fcn.0040d580
0x40d5b0,41,fcn.0040d5b0
0x40d5e0,25,fcn.0040d5e0
0x40d600,19,fcn.0040d600
0x40d620,73,fcn.0040d620
0x40d670,132,fcn.0040d670
0x40d700,57,fcn.0040d700
0x40d740,108,fcn.0040d740
0x40d7b0,195,fcn.0040d7b0
0x40d900,191,fcn.0040d900
0x40da70,1167,fcn.0040da70
0x40e050,270,fcn.0040e050
0x40e160,1224,fcn.0040e160
0x40e630,880,fcn.0040e630
0x40e9c0,28,fcn.0040e9c0
0x40e9e0,326,fcn.0040e9e0
0x40eb30,52,fcn.0040eb30
0x40eb70,937,fcn.0040eb70
0x40ef20,223,fcn.0040ef20
0x40f000,88,fcn.0040f000
0x40f060,172,fcn.0040f060
0x40f110,204,fcn.0040f110
0x40f1e0,25,fcn.0040f1e0
0x40f790,51,fcn.0040f790
0x4103a0,63,fcn.004103a0
0x410830,22,fcn.00410830
0x414350,44,fcn.00414350
0x415b20,13,fcn.00415b20
0x415b30,41,fcn.00415b30
0x415b60,35,fcn.00415b60
0x415b90,20,fcn.00415b90
0x415bb0,92,fcn.00415bb0
0x415c10,395,fcn.00415c10
0x415da0,17,fcn.00415da0
0x415dc0,147,fcn.00415dc0
0x415e60,38,fcn.00415e60
0x415ef0,77,fcn.00415ef0
0x415f40,86,fcn.00415f40
0x415fa0,426,fcn.00415fa0
0x416150,145,fcn.00416150
0x4161f0,75,fcn.004161f0
0x417b50,90,fcn.00417b50
0x417f30,35,fcn.00417f30
0x417f60,617,fcn.00417f60
0x4181d0,315,fcn.004181d0
0x418310,2203,fcn.00418310
0x419560,138,fcn.00419560
0x419670,341,fcn.00419670
0x4197d0,368,fcn.004197d0
0x4199b0,260,fcn.004199b0
0x419b00,179,fcn.00419b00
0x419be0,1329,fcn.00419be0
0x41a120,880,fcn.0041a120
0x41a490,1133,fcn.0041a490
0x41ace0,1030,fcn.0041ace0
0x41b0f0,260,fcn.0041b0f0
0x41b2e0,1512,fcn.0041b2e0
0x41b8d0,388,fcn.0041b8d0
0x41ba60,624,fcn.0041ba60
0x41bcd0,51,fcn.0041bcd0
0x41bd10,203,fcn.0041bd10
0x41bde0,299,fcn.0041bde0
0x41bf10,325,fcn.0041bf10
0x41c060,173,fcn.0041c060
0x41c110,52,fcn.0041c110
0x41c150,40,fcn.0041c150
0x41c180,300,fcn.0041c180
0x41c2b0,43,fcn.0041c2b0
0x41c2e0,38,fcn.0041c2e0
0x41c310,118,fcn.0041c310
0x41c390,40,fcn.0041c390
0x41c3c0,137,fcn.0041c3c0
0x41c4c0,280,fcn.0041c4c0
0x41c640,170,fcn.0041c640
0x41c6f0,200,fcn.0041c6f0
0x41c7c0,273,fcn.0041c7c0
0x41c8e0,294,fcn.0041c8e0
0x41ca10,587,fcn.0041ca10
0x41cc60,177,fcn.0041cc60
0x41cd50,315,fcn.0041cd50
0x41ce90,602,fcn.0041ce90
0x41d0f0,247,fcn.0041d0f0
0x41d1f0,179,fcn.0041d1f0
0x41d2b0,163,fcn.0041d2b0
0x41d360,70,fcn.0041d360
0x41d3b0,59,fcn.0041d3b0
0x41d3f0,161,fcn.0041d3f0
0x41d4a0,12,fcn.0041d4a0
0x41d4b0,12,fcn.0041d4b0
0x41d4c0,471,fcn.0041d4c0
0x41d6a0,271,fcn.0041d6a0
0x41d7b0,229,fcn.0041d7b0
0x41d8a0,6,fcn.0041d8a0
0x41d8b0,6,fcn.0041d8b0
0x41d920,203,fcn.0041d920
0x41d9f0,24,fcn.0041d9f0
0x41da30,40,fcn.0041da30
0x41da60,435,fcn.0041da60
0x41dc20,697,fcn.0041dc20
0x41dfc0,633,fcn.0041dfc0
0x41e270,430,fcn.0041e270
0x41e420,1544,fcn.0041e420
0x41eaa0,192,fcn.0041eaa0
0x41f0a0,852,fcn.0041f0a0
0x41f400,439,fcn.0041f400
0x41f630,78,fcn.0041f630
0x420620,766,fcn.00420620
0x420960,193,fcn.00420960
0x420a30,194,fcn.00420a30
0x420b00,420,fcn.00420b00
0x420d20,291,fcn.00420d20
0x420f30,536,fcn.00420f30
0x4211d0,469,fcn.004211d0
0x4213b0,409,fcn.004213b0
0x421550,196,fcn.00421550
0x421620,210,fcn.00421620
0x421700,1692,fcn.00421700
0x421da0,178,fcn.00421da0
0x421e60,67,fcn.00421e60
0x421eb0,108,fcn.00421eb0
0x421f20,288,fcn.00421f20
0x422040,298,fcn.00422040
0x422170,306,fcn.00422170
0x4222e0,254,fcn.004222e0
0x4223e0,127,fcn.004223e0
0x4224b0,2324,fcn.004224b0
0x422dd0,97,fcn.00422dd0
0x422e40,95,fcn.00422e40
0x422ea0,704,fcn.00422ea0
0x423160,305,fcn.00423160
0x4232f0,175,fcn.004232f0
0x4233a0,422,fcn.004233a0
0x423550,433,fcn.00423550
0x423710,185,fcn.00423710
0x4237d0,488,fcn.004237d0
0x4239c0,559,fcn.004239c0
0x423c50,1012,fcn.00423c50
0x424050,1117,fcn.00424050
0x4244b0,505,fcn.004244b0
0x4246b0,387,fcn.004246b0
0x424840,78,fcn.00424840
0x424890,874,fcn.00424890
0x424c00,1496,fcn.00424c00
0x4251e0,3,fcn.004251e0
0x4251f0,18,fcn.004251f0
0x425210,544,fcn.00425210
0x425430,52,fcn.00425430
0x425470,3,fcn.00425470
0x425480,537,fcn.00425480
0x4256a0,44,fcn.004256a0
0x4256d0,90,fcn.004256d0
0x425730,26,fcn.00425730
0x4257a0,31,fcn.004257a0
0x4257e0,121,fcn.004257e0
0x425860,201,fcn.00425860
0x4259b0,219,fcn.004259b0
0x425a90,196,fcn.00425a90
0x426200,420,fcn.00426200
0x4263b0,971,fcn.004263b0
0x426780,289,fcn.00426780
0x426e80,5913,fcn.00426e80
0x428730,116,fcn.00428730
0x4287b0,17,fcn.004287b0
0x4288d0,646,fcn.004288d0
0x428b60,66,fcn.00428b60
0x428bb0,1,fcn.00428bb0
0x428bc0,3,fcn.00428bc0
0x428bd0,1,fcn.00428bd0
0x428be0,1,fcn.00428be0
0x428bf0,1,fcn.00428bf0
0x428c00,6,fcn.00428c00
0x428c10,6,fcn.00428c10
0x428c20,6,fcn.00428c20
0x428c30,1,fcn.00428c30
0x428c40,1,fcn.00428c40
0x428c50,1,fcn.00428c50
0x428d10,378,fcn.00428d10
0x428fc0,21,fcn.00428fc0
0x428fe0,21,fcn.00428fe0
0x429000,235,fcn.00429000
0x4290f0,402,fcn.004290f0
0x429290,78,fcn.00429290
0x429330,310,fcn.00429330
0x429470,317,fcn.00429470
0x4295b0,168,fcn.004295b0
0x429660,151,fcn.00429660
0x429700,334,fcn.00429700
0x429870,1938,fcn.00429870
0x42a010,204,fcn.0042a010
0x42a140,378,fcn.0042a140
0x42a2c0,88,fcn.0042a2c0
0x42a320,144,fcn.0042a320
0x42a3b0,73,fcn.0042a3b0
0x42a400,50,fcn.0042a400
0x42a440,295,fcn.0042a440
0x42a570,159,fcn.0042a570
0x42a610,596,fcn.0042a610
0x42a8d0,2719,fcn.0042a8d0
0x42b370,2375,fcn.0042b370
0x42bcc0,77,fcn.0042bcc0
0x42bd10,46,fcn.0042bd10
0x42be30,262,fcn.0042be30
0x42bf40,4650,fcn.0042bf40
0x42d1f0,239,fcn.0042d1f0
0x42d2e0,2173,fcn.0042d2e0
0x42db90,351,fcn.0042db90
0x42dcf0,1061,fcn.0042dcf0
0x42e120,21,fcn.0042e120
0x42e140,144,fcn.0042e140
0x42e1d0,144,fcn.0042e1d0
0x42e260,144,fcn.0042e260
0x42e2f0,13,fcn.0042e2f0
0x42e300,13,fcn.0042e300
0x42e310,289,fcn.0042e310
0x42e440,3923,fcn.0042e440
0x42f3a0,167,fcn.0042f3a0
0x42f450,297,fcn.0042f450
0x42f580,448,fcn.0042f580
0x42f740,149,fcn.0042f740
0x42f7e0,215,fcn.0042f7e0
0x42f8c0,62,fcn.0042f8c0
0x42f960,28,fcn.0042f960
0x42f980,28,fcn.0042f980
0x42f9a0,5472,fcn.0042f9a0
0x430f00,2112,fcn.00430f00
0x431740,382,fcn.00431740
0x4318c0,94,fcn.004318c0
0x431920,37,fcn.00431920
0x431950,199,fcn.00431950
0x431a20,59,fcn.00431a20
0x431a60,2737,fcn.00431a60
0x432520,102,fcn.00432520
0x432590,29,fcn.00432590
0x4325b0,84,fcn.004325b0
0x432610,148,fcn.00432610
0x4326b0,976,fcn.004326b0
0x432b60,31,fcn.00432b60
0x432b80,28,fcn.00432b80
0x432ba0,56,fcn.00432ba0
0x432be0,19,fcn.00432be0
0x432c00,30,fcn.00432c00
0x432c20,30,fcn.00432c20
0x432c40,55,fcn.00432c40
0x432c80,46,fcn.00432c80
0x432cb0,51,fcn.00432cb0
0x432cf0,33,fcn.00432cf0
0x432d20,27,fcn.00432d20
0x432d40,612,fcn.00432d40
0x432fb0,244,fcn.00432fb0
0x433130,312,fcn.00433130
0x433380,377,fcn.00433380
0x433500,19,fcn.00433500
0x433520,19,fcn.00433520
0x4335c0,19,fcn.004335c0
0x4335e0,16,fcn.004335e0
0x4336f0,689,fcn.004336f0
0x4339c0,19,fcn.004339c0
0x4339e0,36,fcn.004339e0
0x433a10,24,fcn.00433a10
0x433a30,34,fcn.00433a30
0x433a60,19,fcn.00433a60
0x433a80,117,fcn.00433a80
0x433b00,19,fcn.00433b00
0x433b20,547,fcn.00433b20
0x433d50,50,fcn.00433d50
0x433d90,3,fcn.00433d90
0x433da0,16,fcn.00433da0
0x433db0,622,fcn.00433db0
0x434020,134,fcn.00434020
0x4340b0,55,fcn.004340b0
0x4340f0,622,fcn.004340f0
0x434360,134,fcn.00434360
0x4343f0,3,fcn.004343f0
0x434400,36,fcn.00434400
0x434430,3,fcn.00434430
0x434440,36,fcn.00434440
0x434470,97,fcn.00434470
0x4344e0,220,fcn.004344e0
0x4345c0,19,fcn.004345c0
0x4345e0,386,fcn.004345e0
0x434770,586,fcn.00434770
0x4349c0,46,fcn.004349c0
0x4349f0,55,fcn.004349f0
0x434ab0,212,fcn.00434ab0
0x434b90,92,fcn.00434b90
0x434bf0,886,fcn.00434bf0
0x434ff0,259,fcn.00434ff0
0x435100,3,fcn.00435100
0x435110,401,fcn.00435110
0x4352b0,24,fcn.004352b0
0x4353a0,7,fcn.004353a0
0x435430,652,fcn.00435430
0x4356c0,37,fcn.004356c0
0x435760,394,fcn.00435760
0x4358f0,7,fcn.004358f0
0x435900,7,fcn.00435900
0x435910,7,fcn.00435910
0x435920,81,fcn.00435920
0x435980,147,fcn.00435980
0x435a20,465,fcn.00435a20
0x435c00,30,fcn.00435c00
0x435c20,7,fcn.00435c20
0x435c30,7,fcn.00435c30
0x435c40,14,fcn.00435c40
0x435c50,7,fcn.00435c50
0x435c60,196,fcn.00435c60
0x435d30,100,fcn.00435d30
0x435da0,2724,fcn.00435da0
0x436860,956,fcn.00436860
0x436c30,1613,fcn.00436c30
0x437300,31,fcn.00437300
0x437320,116,fcn.00437320
0x4373a0,477,fcn.004373a0
0x437580,639,fcn.00437580
0x437800,27,fcn.00437800
0x437820,27,fcn.00437820
0x437840,207,fcn.00437840
0x437910,131,fcn.00437910
0x4379a0,11,fcn.004379a0
0x4379b0,77,fcn.004379b0
0x437a00,28,fcn.00437a00
0x437a20,13,fcn.00437a20
0x437a30,247,fcn.00437a30
0x437b50,133,fcn.00437b50
0x437be0,158,fcn.00437be0
0x437c80,16,fcn.00437c80
0x437c90,50,fcn.00437c90
0x437cd0,86,fcn.00437cd0
0x437d30,1,fcn.00437d30
0x437d40,11,fcn.00437d40
0x437d50,11,fcn.00437d50
0x437d60,113,fcn.00437d60
0x437de0,653,fcn.00437de0
0x438070,260,fcn.00438070
0x438180,194,fcn.00438180
0x438250,196,fcn.00438250
0x438320,290,fcn.00438320
0x4384a0,230,fcn.004384a0
0x438590,93,fcn.00438590
0x4385f0,88,fcn.004385f0
0x438650,161,fcn.00438650
0x438700,39,fcn.00438700
0x438730,42,fcn.00438730
0x438760,198,fcn.00438760
0x438830,19,fcn.00438830
0x438880,33,fcn.00438880
0x4388b0,21,fcn.004388b0
0x4388d0,89,fcn.004388d0
0x438930,196,fcn.00438930
0x438a00,205,fcn.00438a00
0x438ad0,191,fcn.00438ad0
0x438b90,69,fcn.00438b90
0x438be0,27,fcn.00438be0
0x438c00,660,fcn.00438c00
0x438ea0,505,fcn.00438ea0
0x4390a0,1073,fcn.004390a0
0x4394e0,601,fcn.004394e0
0x439740,674,fcn.00439740
0x4399f0,312,fcn.004399f0
0x439b30,441,fcn.00439b30
0x439d20,81,fcn.00439d20
0x439d80,76,fcn.00439d80
0x439dd0,26,fcn.00439dd0
0x439df0,51,fcn.00439df0
0x439e30,70,fcn.00439e30
0x439e80,32,fcn.00439e80
0x439eb0,203,fcn.00439eb0
0x439f80,91,fcn.00439f80
0x43a020,152,fcn.0043a020
0x43a0c0,274,fcn.0043a0c0
0x43a1f0,218,fcn.0043a1f0
0x43a420,1271,fcn.0043a420
0x43a970,740,fcn.0043a970
0x43ac60,78,fcn.0043ac60
0x43acb0,87,fcn.0043acb0
0x43ad10,56,fcn.0043ad10
0x43adc0,500,fcn.0043adc0
0x43afc0,233,fcn.0043afc0
0x43b0b0,310,fcn.0043b0b0
0x43b1f0,519,fcn.0043b1f0
0x43b400,768,fcn.0043b400
0x43b700,42,fcn.0043b700
0x43b7c0,740,fcn.0043b7c0
0x43bad0,398,fcn.0043bad0
0x43bc90,909,fcn.0043bc90
0x43c050,753,fcn.0043c050
0x43c350,11,fcn.0043c350
0x43c360,33,fcn.0043c360
0x43c390,3,fcn.0043c390
0x43c3a0,773,fcn.0043c3a0
0x43c6b0,100,fcn.0043c6b0
0x43c720,534,fcn.0043c720
0x43c940,73,fcn.0043c940
0x43c990,209,fcn.0043c990
0x43ca70,163,fcn.0043ca70
0x43cb20,137,fcn.0043cb20
0x43cc20,254,fcn.0043cc20
0x43cd20,943,fcn.0043cd20
0x43d0d0,306,fcn.0043d0d0
0x43d210,127,fcn.0043d210
0x43d290,1074,fcn.0043d290
0x43d6d0,920,fcn.0043d6d0
0x43da70,216,fcn.0043da70
0x43db50,170,fcn.0043db50
0x43dc00,267,fcn.0043dc00
0x43dd10,13,fcn.0043dd10
0x43dd20,79,fcn.0043dd20
0x43dd70,180,fcn.0043dd70
0x43de30,180,fcn.0043de30
0x43def0,359,fcn.0043def0
0x43e060,74,fcn.0043e060
0x43e0b0,202,fcn.0043e0b0
0x43e180,96,fcn.0043e180
0x43e1e0,86,fcn.0043e1e0
0x43e240,145,fcn.0043e240
0x43e2e0,217,fcn.0043e2e0
0x43e3c0,62,fcn.0043e3c0
0x43e400,103,fcn.0043e400
0x43e470,29,fcn.0043e470
0x43e490,3093,fcn.0043e490
0x43f0e0,4362,fcn.0043f0e0
0x4402e0,53,fcn.004402e0
0x440320,28,fcn.00440320
0x440340,222,fcn.00440340
0x440420,70,fcn.00440420
0x440500,816,fcn.00440500
0x440830,242,fcn.00440830
0x440930,1,fcn.00440930
0x440940,189,fcn.00440940
0x440a00,57,fcn.00440a00
0x440a40,47,fcn.00440a40
0x440a70,115,fcn.00440a70
0x440af0,225,fcn.00440af0
0x440be0,34,fcn.00440be0
0x441080,401,fcn.00441080
0x441220,517,fcn.00441220
0x441460,1874,fcn.00441460
0x441bc0,112,fcn.00441bc0
0x441c30,973,fcn.00441c30
0x442050,408,fcn.00442050
0x4421f0,398,fcn.004421f0
0x442380,31,fcn.00442380
0x4423a0,24,fcn.004423a0
0x442560,384,fcn.00442560
0x4426e0,182,fcn.004426e0
0x4428f0,125,fcn.004428f0
0x443100,888,fcn.00443100
0x4435a0,316,fcn.004435a0
0x4436e0,223,fcn.004436e0
0x4437c0,1253,fcn.004437c0
0x443cb0,824,fcn.00443cb0
0x443ff0,404,fcn.00443ff0
0x444580,898,fcn.00444580
0x444a20,372,fcn.00444a20
0x444ea0,616,fcn.00444ea0
0x4455b0,1428,fcn.004455b0
0x445b70,249,fcn.00445b70
0x445c70,227,fcn.00445c70
0x445ed0,324,fcn.00445ed0
0x446080,324,fcn.00446080
0x446310,319,fcn.00446310
0x4466b0,262,fcn.004466b0
0x446a50,537,fcn.00446a50
0x446c70,529,fcn.00446c70
0x446e90,177,fcn.00446e90
0x446fb0,414,fcn.00446fb0
0x447380,1318,fcn.00447380
0x4478b0,607,fcn.004478b0
0x448c70,3902,fcn.00448c70
0x449bb0,2756,fcn.00449bb0
0x44a680,2340,fcn.0044a680
0x44b140,226,fcn.0044b140
0x44b230,244,fcn.0044b230
0x44b4e0,279,fcn.0044b4e0
0x44b990,635,fcn.0044b990
0x44bc10,605,fcn.0044bc10
0x44bfd0,249,fcn.0044bfd0
0x44c0d0,335,fcn.0044c0d0
0x44c7e0,1586,fcn.0044c7e0
0x44ced0,22,fcn.0044ced0
0x44cf60,113,fcn.0044cf60
0x44d010,123,fcn.0044d010
0x44d3b0,141,fcn.0044d3b0
0x44d470,137,fcn.0044d470
0x44d8a0,83,fcn.0044d8a0
0x44d930,102,fcn.0044d930
0x44de80,226,fcn.0044de80
0x44e080,258,fcn.0044e080
0x44e190,183,fcn.0044e190
0x44e250,113,fcn.0044e250
0x44e2d0,95,fcn.0044e2d0
0x44e330,111,fcn.0044e330
0x44e6c0,90,fcn.0044e6c0
0x44e720,16,fcn.0044e720
0x44e730,16,fcn.0044e730
0x44e740,82,fcn.0044e740
0x44e7d0,170,fcn.0044e7d0
0x44e9c0,140,fcn.0044e9c0
0x44ec10,3,fcn.0044ec10
0x44ec30,546,fcn.0044ec30
0x44ee60,3,fcn.0044ee60
0x44ee70,19,fcn.0044ee70
0x44ee90,46,fcn.0044ee90
0x44eec0,35,fcn.0044eec0
0x44eef0,42,fcn.0044eef0
0x44ef20,25,fcn.0044ef20
0x44ef90,31,fcn.0044ef90
0x44f010,41,fcn.0044f010
0x44f080,122,fcn.0044f080
0x44f570,26,fcn.0044f570
0x44f6a0,52,fcn.0044f6a0
0x44f6e0,50,fcn.0044f6e0
0x44f940,125,fcn.0044f940
0x44f9c0,585,fcn.0044f9c0
0x44fc10,300,fcn.0044fc10
0x44fdb0,74,fcn.0044fdb0
0x44fe00,56,fcn.0044fe00
0x44fe40,99,fcn.0044fe40
0x44fed0,243,fcn.0044fed0
0x44ffd0,61,fcn.0044ffd0
0x450010,27,fcn.00450010
0x450030,96,fcn.00450030
0x450380,359,fcn.00450380
0x450530,977,fcn.00450530
0x450980,141,fcn.00450980
0x450a10,872,fcn.00450a10
0x450d80,65,fcn.00450d80
0x450dd0,74,fcn.00450dd0
0x450e20,326,fcn.00450e20
0x450f90,248,fcn.00450f90
0x451090,236,fcn.00451090
0x451180,146,fcn.00451180
0x451220,800,fcn.00451220
0x451540,135,fcn.00451540
0x451640,300,fcn.00451640
0x4517b0,937,fcn.004517b0
0x451b60,84,fcn.00451b60
0x451bc0,554,fcn.00451bc0
0x451df0,471,fcn.00451df0
0x451fd0,915,fcn.00451fd0
0x452370,111,fcn.00452370
0x4523e0,385,fcn.004523e0
0x452570,330,fcn.00452570
0x4526c0,307,fcn.004526c0
0x452960,520,fcn.00452960
0x452bd0,97,fcn.00452bd0
0x452c40,91,fcn.00452c40
0x452cc0,848,fcn.00452cc0
0x453010,772,fcn.00453010
0x453320,52,fcn.00453320
0x453360,380,fcn.00453360
0x4534e0,349,fcn.004534e0
0x453a50,460,fcn.00453a50
0x453c20,273,fcn.00453c20
0x453d40,8769,fcn.00453d40
0x456030,25,fcn.00456030
0x456050,105,fcn.00456050
0x4560c0,68,fcn.004560c0
0x456190,106,fcn.00456190
0x456200,139,fcn.00456200
0x456290,124,fcn.00456290
0x456310,641,fcn.00456310
0x4565a0,442,fcn.004565a0
0x456760,225,fcn.00456760
0x456850,87,fcn.00456850
0x4568b0,3,fcn.004568b0
0x4568c0,1310,fcn.004568c0
0x456de0,243,fcn.00456de0
0x456ee0,368,fcn.00456ee0
0x457050,368,fcn.00457050
0x4571c0,218,fcn.004571c0
0x4572a0,293,fcn.004572a0
0x4573d0,358,fcn.004573d0
0x457540,451,fcn.00457540
0x457710,439,fcn.00457710
0x4578d0,18,fcn.004578d0
0x457a50,154,fcn.00457a50
0x457af0,67,fcn.00457af0
0x457b40,67,fcn.00457b40
0x457b90,44,fcn.00457b90
0x457bc0,76,fcn.00457bc0
0x457cb0,126,fcn.00457cb0
0x457d30,1061,fcn.00457d30
0x458160,19,fcn.00458160
0x458180,57,fcn.00458180
0x4581c0,28,fcn.004581c0
0x4581e0,289,fcn.004581e0
0x458310,281,fcn.00458310
0x4584d0,461,fcn.004584d0
0x4586a0,267,fcn.004586a0
0x458810,427,fcn.00458810
0x4589c0,861,fcn.004589c0
0x458d30,149,fcn.00458d30
0x458dd0,449,fcn.00458dd0
0x458fa0,455,fcn.00458fa0
0x459200,1506,fcn.00459200
0x4597f0,61,fcn.004597f0
0x459830,1082,fcn.00459830
0x459c70,2047,fcn.00459c70
0x45a470,156,fcn.0045a470
0x45a510,254,fcn.0045a510
0x45a610,379,fcn.0045a610
0x45a790,307,fcn.0045a790
0x45a8d0,116,fcn.0045a8d0
0x45a950,322,fcn.0045a950
0x45aaa0,100,fcn.0045aaa0
0x45ab10,260,fcn.0045ab10
0x45ac20,608,fcn.0045ac20
0x45ae80,49,fcn.0045ae80
0x45aec0,202,fcn.0045aec0
0x45af90,152,fcn.0045af90
0x45b030,105,fcn.0045b030
0x45b0a0,174,fcn.0045b0a0
0x45b150,242,fcn.0045b150
0x45b250,508,fcn.0045b250
0x45b490,404,fcn.0045b490
0x45b640,27,fcn.0045b640
0x45b660,6,fcn.0045b660
0x45b670,379,fcn.0045b670
0x45b800,30,fcn.0045b800
0x45b820,50,fcn.0045b820
0x45b860,32,fcn.0045b860
0x45b9b0,105,fcn.0045b9b0
0x45ba20,63,fcn.0045ba20
0x45bcc0,81,fcn.0045bcc0
0x45c3f0,274,fcn.0045c3f0
0x45c820,302,fcn.0045c820
0x45cae0,353,fcn.0045cae0
0x45ce80,224,fcn.0045ce80
0x45cfc0,244,fcn.0045cfc0
0x45d130,326,fcn.0045d130
0x45d7c0,526,fcn.0045d7c0
0x45de30,710,fcn.0045de30
0x45e4c0,287,fcn.0045e4c0
0x45e5e0,1262,fcn.0045e5e0
0x45ed50,1083,fcn.0045ed50
0x45f1d0,1431,fcn.0045f1d0
0x45f8c0,504,fcn.0045f8c0
0x45ffb0,430,fcn.0045ffb0
0x460160,473,fcn.00460160
0x4604a0,286,fcn.004604a0
0x460680,370,fcn.00460680
0x4608b0,233,fcn.004608b0
0x460cc0,345,fcn.00460cc0
0x460f40,23,fcn.00460f40
0x461020,333,fcn.00461020
0x461170,1,fcn.00461170
0x4614e0,260,fcn.004614e0
0x461610,1,fcn.00461610
0x461620,3,fcn.00461620
0x461630,281,fcn.00461630
0x4618a0,84,fcn.004618a0
0x461990,27,fcn.00461990
0x4619b0,46,fcn.004619b0
0x4619e0,143,fcn.004619e0
0x461b10,272,fcn.00461b10
0x461c20,310,fcn.00461c20
0x461db0,468,fcn.00461db0
0x461fd0,919,fcn.00461fd0
0x462370,60,fcn.00462370
0x4623b0,39,fcn.004623b0
0x4624a0,570,fcn.004624a0
0x4626e0,48,fcn.004626e0
0x462710,324,fcn.00462710
0x462860,59,fcn.00462860
0x4628a0,33,fcn.004628a0
0x4628d0,219,fcn.004628d0
0x4629b0,144,fcn.004629b0
0x462ae0,233,fcn.00462ae0
0x462d90,314,fcn.00462d90
0x462f30,1653,fcn.00462f30
0x463790,1040,fcn.00463790
0x463be0,82,fcn.00463be0
0x463c40,29,fcn.00463c40
0x463c60,24,fcn.00463c60
0x463c80,29,fcn.00463c80
0x463ca0,417,fcn.00463ca0
0x463e50,146,fcn.00463e50
0x463ef0,111,fcn.00463ef0
0x463f60,160,fcn.00463f60
0x464000,87,fcn.00464000
0x464060,526,fcn.00464060
0x464290,561,fcn.00464290
0x4644d0,555,fcn.004644d0
0x464700,473,fcn.00464700
0x4648e0,174,fcn.004648e0
0x464990,55,fcn.00464990
0x4649d0,48,fcn.004649d0
0x464a00,162,fcn.00464a00
0x464ab0,13,fcn.00464ab0
0x464ac0,13,fcn.00464ac0
0x464ad0,19,fcn.00464ad0
0x464af0,13,fcn.00464af0
0x464b00,13,fcn.00464b00
0x464b10,19,fcn.00464b10
0x464b30,301,fcn.00464b30
0x464c60,305,fcn.00464c60
0x464f80,2392,fcn.00464f80
0x4658e0,469,fcn.004658e0
0x465ac0,865,fcn.00465ac0
0x465e30,371,fcn.00465e30
0x465fb0,147,fcn.00465fb0
0x466050,665,fcn.00466050
0x4662f0,654,fcn.004662f0
0x466580,67,fcn.00466580
0x4665d0,425,fcn.004665d0
0x466780,548,fcn.00466780
0x4669b0,227,fcn.004669b0
0x466aa0,92,fcn.00466aa0
0x466b00,103,fcn.00466b00
0x466b70,165,fcn.00466b70
0x466c20,402,fcn.00466c20
0x466dc0,1662,fcn.00466dc0
0x467440,1015,fcn.00467440
0x467950,14,fcn.00467950
0x4679a0,126,fcn.004679a0
0x467a20,40,fcn.00467a20
0x467a50,259,fcn.00467a50
0x467c00,175,fcn.00467c00
0x467d70,218,fcn.00467d70
0x468380,539,fcn.00468380
0x4689c0,803,fcn.004689c0
0x468cf0,5904,fcn.00468cf0
0x46a400,36,fcn.0046a400
0x46a430,256,fcn.0046a430
0x46a530,216,fcn.0046a530
0x46a610,589,fcn.0046a610
0x46a860,4247,fcn.0046a860
0x46b900,196,fcn.0046b900
0x46b9d0,165,fcn.0046b9d0
0x46bae0,380,fcn.0046bae0
0x46bce0,542,fcn.0046bce0
0x46bf00,27,fcn.0046bf00
0x46bf20,14,fcn.0046bf20
0x46bf30,602,fcn.0046bf30
0x46c190,259,fcn.0046c190
0x46c2a0,882,fcn.0046c2a0
0x46c620,486,fcn.0046c620
0x46c810,157,fcn.0046c810
0x46c8b0,16,fcn.0046c8b0
0x46c8e0,58,fcn.0046c8e0
0x46c920,317,fcn.0046c920
0x46ca60,381,fcn.0046ca60
0x46cbe0,47,fcn.0046cbe0
0x46cec0,33,fcn.0046cec0
0x46d040,342,fcn.0046d040
0x46d4c0,49,fcn.0046d4c0
0x46d500,33,fcn.0046d500
0x46d6c0,396,fcn.0046d6c0
0x46d860,259,fcn.0046d860
0x46d970,351,fcn.0046d970
0x46dad0,1024,fcn.0046dad0
0x46ded0,111,fcn.0046ded0
0x46df40,185,fcn.0046df40
0x46e000,166,fcn.0046e000
0x46e0b0,163,fcn.0046e0b0
0x46e160,276,fcn.0046e160
0x46e280,173,fcn.0046e280
0x46e330,134,fcn.0046e330
0x46e450,122,fcn.0046e450
0x46e4d0,122,fcn.0046e4d0
0x46e550,106,fcn.0046e550
0x46e5c0,24,fcn.0046e5c0
0x46e5e0,34,fcn.0046e5e0
0x46e610,34,fcn.0046e610
0x46e640,546,fcn.0046e640
0x46e870,3,fcn.0046e870
0x46e880,14,fcn.0046e880
0x46e890,276,fcn.0046e890
0x46e9b0,88,fcn.0046e9b0
0x46ea10,132,fcn.0046ea10
0x46eaa0,189,fcn.0046eaa0
0x46eb60,52,fcn.0046eb60
0x46eba0,936,fcn.0046eba0
0x46ef50,643,fcn.0046ef50
0x46f1e0,1254,fcn.0046f1e0
0x46f6d0,79,fcn.0046f6d0
0x46f720,124,fcn.0046f720
0x46f7a0,798,fcn.0046f7a0
0x46fac0,15,fcn.0046fac0
0x46fad0,22,fcn.0046fad0
0x46faf0,74,fcn.0046faf0
0x46fb40,63,fcn.0046fb40
0x46fb80,731,fcn.0046fb80
0x46fe60,79,fcn.0046fe60
0x46feb0,90,fcn.0046feb0
0x46ff10,92,fcn.0046ff10
0x46ff70,27,fcn.0046ff70
0x46ff90,159,fcn.0046ff90
0x470030,3,fcn.00470030
0x470040,526,fcn.00470040
0x470250,19,fcn.00470250
0x470270,19,fcn.00470270
0x470290,3,fcn.00470290
0x4702a0,46,fcn.004702a0
0x4702d0,42,fcn.004702d0
0x470300,132,fcn.00470300
0x470390,457,fcn.00470390
0x470560,515,fcn.00470560
0x470770,35,fcn.00470770
0x4707a0,661,fcn.004707a0
0x470a40,70,fcn.00470a40
0x470a90,70,fcn.00470a90
0x470c10,561,fcn.00470c10
0x470eb0,28,fcn.00470eb0
0x470ed0,20,fcn.00470ed0
0x470ef0,3,fcn.00470ef0
0x470f00,46,fcn.00470f00
0x470f30,35,fcn.00470f30
0x470f60,19,fcn.00470f60
0x471cc0,16,fcn.00471cc0
0x471d00,7,fcn.00471d00
0x471d50,18,fcn.00471d50
0x471d70,23,fcn.00471d70
0x471d90,68,fcn.00471d90
0x471de0,195,fcn.00471de0
0x471eb0,143,fcn.00471eb0
0x471f90,62,fcn.00471f90
0x471fd0,248,fcn.00471fd0
0x4720d0,297,fcn.004720d0
0x472200,297,fcn.00472200
0x472330,253,fcn.00472330
0x472430,252,fcn.00472430
0x472530,251,fcn.00472530
0x472630,230,fcn.00472630
0x472810,224,fcn.00472810
0x4728f0,224,fcn.004728f0
0x4729d0,224,fcn.004729d0
0x472ab0,413,fcn.00472ab0
0x472c50,223,fcn.00472c50
0x472d30,19,fcn.00472d30
0x4732d0,3,fcn.004732d0
0x4732e0,537,fcn.004732e0
0x473500,46,fcn.00473500
0x473530,35,fcn.00473530
0x473560,45,fcn.00473560
0x473590,301,fcn.00473590
0x4736c0,19,fcn.004736c0
0x4739b0,69,fcn.004739b0
0x473a00,300,fcn.00473a00
0x473b30,19,fcn.00473b30
0x474130,60,fcn.00474130
0x474170,301,fcn.00474170
0x4742a0,19,fcn.004742a0
0x474580,90,fcn.00474580
0x4745e0,306,fcn.004745e0
0x474720,51,fcn.00474720
0x474cd0,53,fcn.00474cd0
0x4750b0,53,fcn.004750b0
0x475770,208,fcn.00475770
0x475840,33,fcn.00475840
0x475870,3,fcn.00475870
0x475880,58,fcn.00475880
0x4758c0,779,fcn.004758c0
0x475bd0,791,fcn.00475bd0
0x475ef0,794,fcn.00475ef0
0x476210,636,fcn.00476210
0x476490,632,fcn.00476490
0x476710,48,fcn.00476710
0x476830,229,fcn.00476830
0x476a60,527,fcn.00476a60
0x476ca0,42,fcn.00476ca0
0x476cd0,169,fcn.00476cd0
0x476d80,260,fcn.00476d80
0x476ef0,1124,fcn.00476ef0
0x477360,174,fcn.00477360
0x477410,188,fcn.00477410
0x4777a0,406,fcn.004777a0
0x478240,1348,fcn.00478240
0x478e80,1615,fcn.00478e80
0x479660,249,fcn.00479660
0x479760,122,fcn.00479760
0x4797e0,1034,fcn.004797e0
0x479c50,1156,fcn.00479c50
0x47a0e0,1561,fcn.0047a0e0
0x47a760,372,fcn.0047a760
0x47aaf0,444,fcn.0047aaf0
0x47acd0,346,fcn.0047acd0
0x47bbb0,441,fcn.0047bbb0
0x47bd70,117,fcn.0047bd70
0x47bdf0,304,fcn.0047bdf0
0x47bf20,80,fcn.0047bf20
0x47bf70,472,fcn.0047bf70
0x47c150,214,fcn.0047c150
0x47c3a0,294,fcn.0047c3a0
0x47c6c0,176,fcn.0047c6c0
0x47c770,6,fcn.0047c770
0x47c780,6,fcn.0047c780
0x47c790,816,fcn.0047c790
0x47cb00,51,fcn.0047cb00
0x47cb40,19,fcn.0047cb40
0x47cbd0,83,fcn.0047cbd0
0x47cc30,1199,fcn.0047cc30
0x47d0e0,505,fcn.0047d0e0
0x47d2e0,1339,fcn.0047d2e0
0x47d820,333,fcn.0047d820
0x47d970,322,fcn.0047d970
0x47dac0,84,fcn.0047dac0
0x47db20,65,fcn.0047db20
0x47db70,587,fcn.0047db70
0x47ddc0,158,fcn.0047ddc0
0x47de60,342,fcn.0047de60
0x47dfc0,559,fcn.0047dfc0
0x47e1f0,224,fcn.0047e1f0
0x47e2d0,658,fcn.0047e2d0
0x47e570,75,fcn.0047e570
0x47e5c0,386,fcn.0047e5c0
0x47e890,425,fcn.0047e890
0x47ea40,746,fcn.0047ea40
0x47ed40,236,fcn.0047ed40
0x47ee30,171,fcn.0047ee30
0x47eee0,224,fcn.0047eee0
0x47efc0,11,fcn.0047efc0
0x47efd0,16,fcn.0047efd0
0x47efe0,121,fcn.0047efe0
0x47f060,47,fcn.0047f060
0x47f090,40,fcn.0047f090
0x47f0c0,213,fcn.0047f0c0
0x47f1a0,101,fcn.0047f1a0
0x47f210,121,fcn.0047f210
0x47f290,106,fcn.0047f290
0x47f300,775,fcn.0047f300
0x47f610,106,fcn.0047f610
0x47f680,196,fcn.0047f680
0x47f750,130854,fcn.0047f750
0x47f780,93,fcn.0047f780
0x47f850,102,fcn.0047f850
0x47f8c0,150,fcn.0047f8c0
0x47fad0,452,fcn.0047fad0
0x47fd70,557,fcn.0047fd70
0x4800c0,60,fcn.004800c0
0x480100,93,fcn.00480100
0x480190,86,fcn.00480190
0x4801f0,83,fcn.004801f0
0x480250,520,fcn.00480250
0x480460,120,fcn.00480460
0x480d40,13,fcn.00480d40
0x481550,70,fcn.00481550
0x4815a0,77,fcn.004815a0
0x4815f0,166,fcn.004815f0
0x4816a0,654,fcn.004816a0
0x481930,1052,fcn.00481930
0x481d50,821,fcn.00481d50
0x482090,127,fcn.00482090
0x482130,318,fcn.00482130
0x482270,817,fcn.00482270
0x4825b0,504,fcn.004825b0
0x4827b0,127,fcn.004827b0
0x482910,418,fcn.00482910
0x482ac0,342,fcn.00482ac0
0x482c20,1519,fcn.00482c20
0x483210,347,fcn.00483210
0x4833b0,597,fcn.004833b0
0x483610,1975,fcn.00483610
0x483dd0,461,fcn.00483dd0
0x483fa0,1046,fcn.00483fa0
0x4843c0,1303,fcn.004843c0
0x4848e0,619,fcn.004848e0
0x484b50,391,fcn.00484b50
0x484ce0,117,fcn.00484ce0
0x484d60,142,fcn.00484d60
0x484df0,142,fcn.00484df0
0x484e80,194,fcn.00484e80
0x484f50,78,fcn.00484f50
0x484fa0,97,fcn.00484fa0
0x485010,88,fcn.00485010
0x485070,208,fcn.00485070
0x485140,117,fcn.00485140
0x485420,115,fcn.00485420
0x4854a0,1180,fcn.004854a0
0x485940,53,fcn.00485940
0x485980,178,fcn.00485980
0x485a40,756,fcn.00485a40
0x485d40,233,fcn.00485d40
0x485f50,631,fcn.00485f50
0x4861d0,395,fcn.004861d0
0x486360,247,fcn.00486360
0x4864b0,530,fcn.004864b0
0x4866d0,1939,fcn.004866d0
0x486e80,71,fcn.00486e80
0x486ed0,58,fcn.00486ed0
0x486f10,185,fcn.00486f10
0x486fd0,162,fcn.00486fd0
0x487080,1595,fcn.00487080
0x4876c0,1062,fcn.004876c0
0x487af0,241,fcn.00487af0
0x487bf0,1661,fcn.00487bf0
0x488310,596,fcn.00488310
0x488570,657,fcn.00488570
0x488810,263,fcn.00488810
0x488920,59,fcn.00488920
0x488960,98,fcn.00488960
0x488a50,191,fcn.00488a50
0x488b10,203,fcn.00488b10
0x488be0,11,fcn.00488be0
0x488bf0,90,fcn.00488bf0
0x488c50,217,fcn.00488c50
0x488d30,309,fcn.00488d30
0x488e70,188,fcn.00488e70
0x488f30,124,fcn.00488f30
0x488fb0,649,fcn.00488fb0
0x489240,27,fcn.00489240
0x489260,27,fcn.00489260
0x489280,618,fcn.00489280
0x4895c0,64,fcn.004895c0
0x489650,59,fcn.00489650
0x489690,96,fcn.00489690
0x489740,101,fcn.00489740
0x4897b0,44,fcn.004897b0
0x4897e0,26,fcn.004897e0
0x489800,162,fcn.00489800
0x4898b0,162,fcn.004898b0
0x489960,65,fcn.00489960
0x4899b0,186,fcn.004899b0
0x489a90,275,fcn.00489a90
0x489bb0,299,fcn.00489bb0
0x489ce0,697,fcn.00489ce0
0x48a060,51,fcn.0048a060
0x48a0a0,67,fcn.0048a0a0
0x48a0f0,99,fcn.0048a0f0
0x48a160,33,fcn.0048a160
0x48a190,77,fcn.0048a190
0x48a1e0,604,fcn.0048a1e0
0x48a490,857,fcn.0048a490
0x48a870,261,fcn.0048a870
0x48a980,37,fcn.0048a980
0x48a9f0,206,fcn.0048a9f0
0x48aac0,173,fcn.0048aac0
0x48ab70,448,fcn.0048ab70
0x48ad30,849,fcn.0048ad30
0x48b090,367,fcn.0048b090
0x48b200,481,fcn.0048b200
0x48b3f0,790,fcn.0048b3f0
0x48b710,525,fcn.0048b710
0x48b920,434,fcn.0048b920
0x48bae0,457,fcn.0048bae0
0x48bcb0,69,fcn.0048bcb0
0x48bd00,67,fcn.0048bd00
0x48bd50,169,fcn.0048bd50
0x48be00,290,fcn.0048be00
0x48bf30,241,fcn.0048bf30
0x48c030,275,fcn.0048c030
0x48c190,386,fcn.0048c190
0x48c390,773,fcn.0048c390
0x48c6a0,331,fcn.0048c6a0
0x48c7f0,447,fcn.0048c7f0
0x48c9b0,109,fcn.0048c9b0
0x48ca20,513,fcn.0048ca20
0x48cc30,323,fcn.0048cc30
0x48cd80,428,fcn.0048cd80
0x48cf30,742,fcn.0048cf30
0x48d220,499,fcn.0048d220
0x48d4d0,348,fcn.0048d4d0
0x48d630,348,fcn.0048d630
0x48d790,388,fcn.0048d790
0x48d920,120,fcn.0048d920
0x48d9a0,644,fcn.0048d9a0
0x48ddc0,449,fcn.0048ddc0
0x48df90,24,fcn.0048df90
0x48dfb0,82,fcn.0048dfb0
0x48e010,2542,fcn.0048e010
0x48fdf0,105,fcn.0048fdf0
0x48fe60,105,fcn.0048fe60
0x490080,378,fcn.00490080
0x490230,301,fcn.00490230
0x490360,334,fcn.00490360
0x4904b0,11,fcn.004904b0
0x4904c0,84,fcn.004904c0
0x490520,84,fcn.00490520
0x490580,84,fcn.00490580
0x490690,326,fcn.00490690
0x4907e0,94,fcn.004907e0
0x490940,82,fcn.00490940
0x490b30,228,fcn.00490b30
0x490c40,338,fcn.00490c40
0x490df0,239,fcn.00490df0
0x490f80,88,fcn.00490f80
0x490fe0,538,fcn.00490fe0
0x491200,1174,fcn.00491200
0x4916a0,294,fcn.004916a0
0x4917d0,663,fcn.004917d0
0x491a70,238,fcn.00491a70
0x491b60,250,fcn.00491b60
0x491c60,23,fcn.00491c60
0x491c80,56,fcn.00491c80
0x491d70,150,fcn.00491d70
0x491ec0,1124,fcn.00491ec0
0x492b10,715,fcn.00492b10
0x493060,363,fcn.00493060
0x4931d0,361,fcn.004931d0
0x4933e0,205,fcn.004933e0
0x4936f0,994,fcn.004936f0
0x493ae0,245,fcn.00493ae0
0x494050,457,fcn.00494050
0x4942e0,1113,fcn.004942e0
0x4948b0,33,fcn.004948b0
0x4948e0,1418,fcn.004948e0
0x494e70,371,fcn.00494e70
0x494ff0,19,fcn.00494ff0
0x495010,494,fcn.00495010
0x495230,601,fcn.00495230
0x495490,547,fcn.00495490
0x4956c0,336,fcn.004956c0
0x495860,83,fcn.00495860
0x495930,256,fcn.00495930
0x495a30,1105,fcn.00495a30
0x495e90,1889,fcn.00495e90
0x496790,711,fcn.00496790
0x496e90,71,fcn.00496e90
0x496ee0,401,fcn.00496ee0
0x497180,2797,fcn.00497180
0x497ce0,595,fcn.00497ce0
0x498da0,459,fcn.00498da0
0x498f70,395,fcn.00498f70
0x499100,254,fcn.00499100
0x499890,411,fcn.00499890
0x499a30,69,fcn.00499a30
0x499a80,37,fcn.00499a80
0x499cd0,376,fcn.00499cd0
0x499eb0,517,fcn.00499eb0
0x49a0c0,85,fcn.0049a0c0
0x49a120,1829,fcn.0049a120
0x49a850,64,fcn.0049a850
0x49a890,488,fcn.0049a890
0x49aa80,301,fcn.0049aa80
0x49abb0,568,fcn.0049abb0
0x49adf0,33,fcn.0049adf0
0x49ae20,356,fcn.0049ae20
0x49af90,103,fcn.0049af90
0x49b000,129,fcn.0049b000
0x49b090,844,fcn.0049b090
0x49b3e0,317,fcn.0049b3e0
0x49b520,347,fcn.0049b520
0x49b720,1853,fcn.0049b720
0x49be60,2252,fcn.0049be60
0x49c740,306,fcn.0049c740
0x49c880,147,fcn.0049c880
0x49c9c0,600,fcn.0049c9c0
0x49cc20,436,fcn.0049cc20
0x49cde0,544,fcn.0049cde0
0x49d120,182,fcn.0049d120
0x49d270,774,fcn.0049d270
0x49d880,140,fcn.0049d880
0x49d910,164,fcn.0049d910
0x49df10,249,fcn.0049df10
0x49e010,88,fcn.0049e010
0x49e070,293,fcn.0049e070
0x49e1a0,969,fcn.0049e1a0
0x49e570,53,fcn.0049e570
0x49e5b0,91,fcn.0049e5b0
0x49e680,106,fcn.0049e680
0x49e6f0,14,fcn.0049e6f0
0x49e830,1365,fcn.0049e830
0x49eda0,92,main
0x49ee30,1634,fcn.0049ee30
0x49f540,52,fcn.0049f540
0x49f580,27,fcn.0049f580
0x49f5a0,104,fcn.0049f5a0
0x49f610,6,fcn.0049f610
0x49f620,21,fcn.0049f620
0x49f680,18,fcn.0049f680
0x49f6a0,23,fcn.0049f6a0
0x49f6c0,68,fcn.0049f6c0
0x49f710,6,sub.TDRAW.dll_DirectDrawCreate
0x49f930,131,fcn.0049f930
0x49f9c0,131,fcn.0049f9c0
0x49fa50,17,fcn.0049fa50
0x49fa70,17,fcn.0049fa70
0x49fa90,17,fcn.0049fa90
0x49fad0,21,fcn.0049fad0
0x49fb10,21,fcn.0049fb10
0x49fb50,80,fcn.0049fb50
0x49fba0,80,fcn.0049fba0
0x49fbf0,80,fcn.0049fbf0
0x49fc50,146,fcn.0049fc50
0x49fd60,138,fcn.0049fd60
0x49fdf0,99,fcn.0049fdf0
0x49fe60,97,fcn.0049fe60
0x49fed0,55,fcn.0049fed0
0x49ff10,115,fcn.0049ff10
0x49ff90,125,fcn.0049ff90
0x4a0010,125,fcn.004a0010
0x4a0090,230,fcn.004a0090
0x4a0180,125,fcn.004a0180
0x4a0200,125,fcn.004a0200
0x4a0280,125,fcn.004a0280
0x4a0300,64,fcn.004a0300
0x4a0340,170,fcn.004a0340
0x4a03f0,247,fcn.004a03f0
0x4a04f0,123,fcn.004a04f0
0x4a0570,111,fcn.004a0570
0x4a05e0,494,fcn.004a05e0
0x4a07d0,164,fcn.004a07d0
0x4a0880,112,fcn.004a0880
0x4a09c0,545,fcn.004a09c0
0x4a0bf0,116,fcn.004a0bf0
0x4a0c70,139,fcn.004a0c70
0x4a0d00,241,fcn.004a0d00
0x4a0e00,299,fcn.004a0e00
0x4a0f30,44,fcn.004a0f30
0x4a0f60,144,fcn.004a0f60
0x4a0ff0,62,fcn.004a0ff0
0x4a1030,66,fcn.004a1030
0x4a1080,134,fcn.004a1080
0x4a1110,164,fcn.004a1110
0x4a11c0,60,fcn.004a11c0
0x4a1200,72,fcn.004a1200
0x4a1250,142,fcn.004a1250
0x4a12e0,331,fcn.004a12e0
0x4a1450,107,fcn.004a1450
0x4a1530,136,fcn.004a1530
0x4a15c0,104,fcn.004a15c0
0x4a1630,77,fcn.004a1630
0x4a1680,110,fcn.004a1680
0x4a16f0,285,fcn.004a16f0
0x4a1810,164,fcn.004a1810
0x4a18c0,96,fcn.004a18c0
0x4a1920,46,fcn.004a1920
0x4a1b40,2160,fcn.004a1b40
0x4a23b0,196,fcn.004a23b0
0x4a2580,1631,fcn.004a2580
0x4a2be0,597,fcn.004a2be0
0x4a2e40,640,fcn.004a2e40
0x4a32a0,765,fcn.004a32a0
0x4a35a0,246,fcn.004a35a0
0x4a36a0,224,fcn.004a36a0
0x4a3780,1832,fcn.004a3780
0x4a3ef0,629,fcn.004a3ef0
0x4a4170,714,fcn.004a4170
0x4a4440,477,fcn.004a4440
0x4a4660,556,fcn.004a4660
0x4a4980,462,fcn.004a4980
0x4a4b50,309,fcn.004a4b50
0x4a4c90,215,fcn.004a4c90
0x4a4d70,661,fcn.004a4d70
0x4a5030,113,fcn.004a5030
0x4a50b0,40,fcn.004a50b0
0x4a50e0,238,fcn.004a50e0
0x4a51d0,485,fcn.004a51d0
0x4a56b0,1662,fcn.004a56b0
0x4a5d30,18,fcn.004a5d30
0x4a5d50,254,fcn.004a5d50
0x4a5e50,228,fcn.004a5e50
0x4a5f40,2700,fcn.004a5f40
0x4a6a40,147,fcn.004a6a40
0x4a6ae0,1703,fcn.004a6ae0
0x4a7190,244,fcn.004a7190
0x4a7290,706,fcn.004a7290
0x4a75d0,210,fcn.004a75d0
0x4a76b0,370,fcn.004a76b0
0x4a7830,293,fcn.004a7830
0x4a7960,1354,fcn.004a7960
0x4a81e0,5138,fcn.004a81e0
0x4a9660,108,fcn.004a9660
0x4a96d0,164,fcn.004a96d0
0x4a9780,164,fcn.004a9780
0x4a9830,390,fcn.004a9830
0x4a99c0,456,fcn.004a99c0
0x4a9b90,810,fcn.004a9b90
0x4a9fd0,2112,fcn.004a9fd0
0x4aa850,128,fcn.004aa850
0x4aa8e0,13,fcn.004aa8e0
0x4aa8f0,1762,fcn.004aa8f0
0x4ab060,50,fcn.004ab060
0x4ab0a0,14,fcn.004ab0a0
0x4ab0b0,188,fcn.004ab0b0
0x4ab170,26,fcn.004ab170
0x4ab190,17,fcn.004ab190
0x4ab1b0,215,fcn.004ab1b0
0x4ab290,26,fcn.004ab290
0x4ab2b0,90,fcn.004ab2b0
0x4ab310,129,fcn.004ab310
0x4ab3a0,90,fcn.004ab3a0
0x4ab400,50,fcn.004ab400
0x4ab440,122,fcn.004ab440
0x4ab4e0,47,fcn.004ab4e0
0x4ab510,87,fcn.004ab510
0x4ab570,55,fcn.004ab570
0x4ab5b0,22,fcn.004ab5b0
0x4ab5d0,185,fcn.004ab5d0
0x4ab690,20,fcn.004ab690
0x4ab6b0,10,fcn.004ab6b0
0x4ab6c0,82,fcn.004ab6c0
0x4ab720,735,fcn.004ab720
0x4abd90,748,fcn.004abd90
0x4ac4c0,325,fcn.004ac4c0
0x4ac610,252,fcn.004ac610
0x4ac7d0,207,fcn.004ac7d0
0x4accd0,42,fcn.004accd0
0x4acde0,108,fcn.004acde0
0x4ace50,1280,fcn.004ace50
0x4ad350,407,fcn.004ad350
0x4ad4f0,914,fcn.004ad4f0
0x4ad890,225,fcn.004ad890
0x4adc70,237,fcn.004adc70
0x4aeac0,688,fcn.004aeac0
0x4aeda0,47,fcn.004aeda0
0x4aedd0,259,fcn.004aedd0
0x4aeee0,150,fcn.004aeee0
0x4aef80,32,fcn.004aef80
0x4aefa0,895,fcn.004aefa0
0x4af320,642,fcn.004af320
0x4af5b0,192,fcn.004af5b0
0x4afc60,135,fcn.004afc60
0x4afcf0,38,fcn.004afcf0
0x4afd20,23,fcn.004afd20
0x4afd80,271,fcn.004afd80
0x4afec0,60,fcn.004afec0
0x4aff00,389,fcn.004aff00
0x4b0090,193,fcn.004b0090
0x4b0160,193,fcn.004b0160
0x4b0230,631,fcn.004b0230
0x4b04b0,47,fcn.004b04b0
0x4b04e0,47,fcn.004b04e0
0x4b0510,116,fcn.004b0510
0x4b0590,116,fcn.004b0590
0x4b0610,56,fcn.004b0610
0x4b06f0,43,fcn.004b06f0
0x4b0720,120,fcn.004b0720
0x4b07c0,107,fcn.004b07c0
0x4b08c0,116,fcn.004b08c0
0x4b0940,194,fcn.004b0940
0x4b0a70,143,fcn.004b0a70
0x4b0b00,181,fcn.004b0b00
0x4b0bc0,128,fcn.004b0bc0
0x4b0c40,223,fcn.004b0c40
0x4b0d60,50,fcn.004b0d60
0x4b0da0,3666,fcn.004b0da0
0x4b1c00,586,fcn.004b1c00
0x4b1ec0,381,fcn.004b1ec0
0x4b2040,590,fcn.004b2040
0x4b2450,227,fcn.004b2450
0x4b2540,423,fcn.004b2540
0x4b26f0,336,fcn.004b26f0
0x4b2840,14,fcn.004b2840
0x4b2850,624,fcn.004b2850
0x4b2ac0,1254,fcn.004b2ac0
0x4b2fb0,79,fcn.004b2fb0
0x4b3000,22,fcn.004b3000
0x4b3020,748,fcn.004b3020
0x4b3310,90,fcn.004b3310
0x4b3370,51,fcn.004b3370
0x4b33b0,92,fcn.004b33b0
0x4b3410,27,fcn.004b3410
0x4b3430,84,fcn.004b3430
0x4b3490,84,fcn.004b3490
0x4b34f0,159,fcn.004b34f0
0x4b3590,132,fcn.004b3590
0x4b3620,9,fcn.004b3620
0x4b3630,281,fcn.004b3630
0x4b3750,31,fcn.004b3750
0x4b3770,577,fcn.004b3770
0x4b39c0,662,fcn.004b39c0
0x4b3c60,1544,fcn.004b3c60
0x4b4270,737,fcn.004b4270
0x4b4560,200,fcn.004b4560
0x4b4630,138,fcn.004b4630
0x4b46c0,138,fcn.004b46c0
0x4b4750,166,fcn.004b4750
0x4b4800,78,fcn.004b4800
0x4b4850,78,fcn.004b4850
0x4b48a0,78,fcn.004b48a0
0x4b48f0,24,fcn.004b48f0
0x4b4910,180,fcn.004b4910
0x4b49d0,162,fcn.004b49d0
0x4b4a80,200,fcn.004b4a80
0x4b4b50,65,fcn.004b4b50
0x4b4ba0,65,fcn.004b4ba0
0x4b4bf0,29,fcn.004b4bf0
0x4b4c10,52,fcn.004b4c10
0x4b4c80,98,fcn.004b4c80
0x4b4cf0,115,fcn.004b4cf0
0x4b4d70,409,fcn.004b4d70
0x4b4f10,14,fcn.004b4f10
0x4b4f20,14,fcn.004b4f20
0x4b4fd0,22,fcn.004b4fd0
0x4b4ff0,127,fcn.004b4ff0
0x4b5070,619,fcn.004b5070
0x4b52e0,80,fcn.004b52e0
0x4b5370,411,fcn.004b5370
0x4b5510,1017,fcn.004b5510
0x4b5910,34,fcn.004b5910
0x4b5940,57,fcn.004b5940
0x4b5980,820,fcn.004b5980
0x4b6110,268,fcn.004b6110
0x4b6220,6,fcn.004b6220
0x4b6230,91,fcn.004b6230
0x4b6290,46,fcn.004b6290
0x4b62c0,5,fcn.004b62c0
0x4b62d0,86,fcn.004b62d0
0x4b6330,12,fcn.004b6330
0x4b6340,34,fcn.004b6340
0x4b6370,128,fcn.004b6370
0x4b63f0,209,fcn.004b63f0
0x4b64d0,49,fcn.004b64d0
0x4b6560,6,sub.KERNEL32.dll_GetTickCount
0x4b66a0,96,fcn.004b66a0
0x4b6700,12,fcn.004b6700
0x4b6710,12,fcn.004b6710
0x4b6720,46,fcn.004b6720
0x4b6750,123,fcn.004b6750
0x4b67d0,74,fcn.004b67d0
0x4b6860,32,fcn.004b6860
0x4b6880,297,fcn.004b6880
0x4b69b0,32,fcn.004b69b0
0x4b69d0,42,fcn.004b69d0
0x4b6a00,32,fcn.004b6a00
0x4b6a20,48,fcn.004b6a20
0x4b6a50,42,fcn.004b6a50
0x4b6a80,111,fcn.004b6a80
0x4b6af0,48,fcn.004b6af0
0x4b6b20,36,fcn.004b6b20
0x4b6b50,14,fcn.004b6b50
0x4b6b60,19,fcn.004b6b60
0x4b6b80,26,fcn.004b6b80
0x4b6ba0,129,fcn.004b6ba0
0x4b6c30,101,fcn.004b6c30
0x4b6ca0,19,fcn.004b6ca0
0x4b6cc0,134,fcn.004b6cc0
0x4b6eb0,71,fcn.004b6eb0
0x4b6f00,101,fcn.004b6f00
0x4b6f70,115,fcn.004b6f70
0x4b6ff0,113,fcn.004b6ff0
0x4b70a0,32,fcn.004b70a0
0x4b70c0,32,fcn.004b70c0
0x4b70ef,52,fcn.004b70ef
0x4b7123,55,fcn.004b7123
0x4b715a,25,fcn.004b715a
0x4b7173,52,fcn.004b7173
0x4b7381,35,fcn.004b7381
0x4b73b0,13,fcn.004b73b0
0x4b73c0,29,fcn.004b73c0
0x4b73e0,38,fcn.004b73e0
0x4b7410,38,fcn.004b7410
0x4b7440,162,fcn.004b7440
0x4b74f0,79,fcn.004b74f0
0x4b7620,319,fcn.004b7620
0x4b7760,370,fcn.004b7760
0x4b78e0,22,fcn.004b78e0
0x4b7900,270,fcn.004b7900
0x4b7a30,142,fcn.004b7a30
0x4b7b00,755,fcn.004b7b00
0x4b7e00,33,fcn.004b7e00
0x4b7e30,33,fcn.004b7e30
0x4b7e60,121,fcn.004b7e60
0x4b7ee0,23,fcn.004b7ee0
0x4b7f30,36,fcn.004b7f30
0x4b7f60,12,fcn.004b7f60
0x4b7f90,439,fcn.004b7f90
0x4b8150,436,fcn.004b8150
0x4b8310,484,fcn.004b8310
0x4b8500,465,fcn.004b8500
0x4b86e0,481,fcn.004b86e0
0x4b88d0,427,fcn.004b88d0
0x4b8a80,89,fcn.004b8a80
0x4b8ae0,69,fcn.004b8ae0
0x4b8b30,81,fcn.004b8b30
0x4b8b90,91,fcn.004b8b90
0x4b8bf0,101,fcn.004b8bf0
0x4b8c60,216,fcn.004b8c60
0x4b8d40,85,fcn.004b8d40
0x4b8da0,83,fcn.004b8da0
0x4b8e00,77,fcn.004b8e00
0x4b8e50,104,fcn.004b8e50
0x4b8ec0,475,fcn.004b8ec0
0x4b90a0,260,fcn.004b90a0
0x4b91b0,423,fcn.004b91b0
0x4b9360,341,fcn.004b9360
0x4b95a0,252,fcn.004b95a0
0x4b96a0,54,fcn.004b96a0
0x4b96e0,90,fcn.004b96e0
0x4b9740,778,fcn.004b9740
0x4b9a50,799,fcn.004b9a50
0x4b9d70,234,fcn.004b9d70
0x4b9e60,110,fcn.004b9e60
0x4b9ed0,120,fcn.004b9ed0
0x4b9f50,175,fcn.004b9f50
0x4ba000,430,fcn.004ba000
0x4ba1b0,69,fcn.004ba1b0
0x4ba200,689,fcn.004ba200
0x4ba590,36,fcn.004ba590
0x4ba5c0,36,fcn.004ba5c0
0x4ba5f0,22,fcn.004ba5f0
0x4ba610,36,fcn.004ba610
0x4ba640,22,fcn.004ba640
0x4ba660,36,fcn.004ba660
0x4ba690,22,fcn.004ba690
0x4ba6b0,36,fcn.004ba6b0
0x4ba6e0,22,fcn.004ba6e0
0x4ba700,36,fcn.004ba700
0x4ba730,22,fcn.004ba730
0x4ba750,296,fcn.004ba750
0x4ba920,167,fcn.004ba920
0x4ba9d0,243,fcn.004ba9d0
0x4baad0,43,fcn.004baad0
0x4bab00,43,fcn.004bab00
0x4bab30,43,fcn.004bab30
0x4babd0,337,fcn.004babd0
0x4bad30,182,fcn.004bad30
0x4badf0,317,fcn.004badf0
0x4baf30,191,fcn.004baf30
0x4baff0,171,fcn.004baff0
0x4bb0f0,44,fcn.004bb0f0
0x4bb120,45,fcn.004bb120
0x4bb150,59,fcn.004bb150
0x4bb190,107,fcn.004bb190
0x4bb260,94,fcn.004bb260
0x4bb2c0,18,fcn.004bb2c0
0x4bb2e0,506,fcn.004bb2e0
0x4bb4e0,198,fcn.004bb4e0
0x4bb5b0,18,fcn.004bb5b0
0x4bb5d0,124,fcn.004bb5d0
0x4bb650,17,fcn.004bb650
0x4bb6a0,109,fcn.004bb6a0
0x4bb710,135,fcn.004bb710
0x4bb7a0,31,fcn.004bb7a0
0x4bb7c0,1042,fcn.004bb7c0
0x4bbbe0,43,fcn.004bbbe0
0x4bbc10,21,fcn.004bbc10
0x4bbc30,16,fcn.004bbc30
0x4bbc40,178,fcn.004bbc40
0x4bbd00,46,fcn.004bbd00
0x4bbd30,288,fcn.004bbd30
0x4bbe50,405,fcn.004bbe50
0x4bbff0,289,fcn.004bbff0
0x4bc290,72,fcn.004bc290
0x4bc2e0,23,fcn.004bc2e0
0x4bc300,32,fcn.004bc300
0x4bc320,52,fcn.004bc320
0x4bc360,16,fcn.004bc360
0x4bc370,314,fcn.004bc370
0x4bc4b0,389,fcn.004bc4b0
0x4bc640,447,fcn.004bc640
0x4bc800,197,fcn.004bc800
0x4bc8d0,84,fcn.004bc8d0
0x4bc930,245,fcn.004bc930
0x4bca30,288,fcn.004bca30
0x4bcb50,442,fcn.004bcb50
0x4bce10,65,fcn.004bce10
0x4bcec0,32,fcn.004bcec0
0x4bcf00,121,fcn.004bcf00
0x4bd3b0,1148,fcn.004bd3b0
0x4bd830,1332,fcn.004bd830
0x4bdd70,661,fcn.004bdd70
0x4be010,90,fcn.004be010
0x4be070,49,fcn.004be070
0x4be0b0,208,fcn.004be0b0
0x4be180,235,fcn.004be180
0x4be320,135,fcn.004be320
0x4be3b0,73,fcn.004be3b0
0x4be400,699,fcn.004be400
0x4be6c0,649,fcn.004be6c0
0x4be950,201,fcn.004be950
0x4bea20,589,fcn.004bea20
0x4bec70,244,fcn.004bec70
0x4bee60,380,fcn.004bee60
0x4bf4d0,332,fcn.004bf4d0
0x4bf620,196,fcn.004bf620
0x4bf6f0,178,fcn.004bf6f0
0x4bf7b0,261,fcn.004bf7b0
0x4bf8c0,1172,fcn.004bf8c0
0x4bfe10,267,fcn.004bfe10
0x4bff20,332,fcn.004bff20
0x4c0070,301,fcn.004c0070
0x4c01a0,353,fcn.004c01a0
0x4c0310,28,fcn.004c0310
0x4c0330,932,fcn.004c0330
0x4c06e0,200,fcn.004c06e0
0x4c0820,613,fcn.004c0820
0x4c0a90,118,fcn.004c0a90
0x4c0b10,352,fcn.004c0b10
0x4c0c70,897,fcn.004c0c70
0x4c1000,791,fcn.004c1000
0x4c1320,126,fcn.004c1320
0x4c13a0,38,fcn.004c13a0
0x4c13d0,18,fcn.004c13d0
0x4c13f0,12,fcn.004c13f0
0x4c1420,24,fcn.004c1420
0x4c1440,12,fcn.004c1440
0x4c1450,18,fcn.004c1450
0x4c1470,11,fcn.004c1470
0x4c1480,97,fcn.004c1480
0x4c14f0,617,fcn.004c14f0
0x4c1830,516,fcn.004c1830
0x4c1a40,20,fcn.004c1a40
0x4c1a60,54,fcn.004c1a60
0x4c1aa0,1,fcn.004c1aa0
0x4c1ab0,66,fcn.004c1ab0
0x4c1b00,32,fcn.004c1b00
0x4c1b20,84,fcn.004c1b20
0x4c1b80,198,fcn.004c1b80
0x4c1d50,1150,fcn.004c1d50
0x4c22d0,18,fcn.004c22d0
0x4c22f0,19,fcn.004c22f0
0x4c2340,29,fcn.004c2340
0x4c2360,29,fcn.004c2360
0x4c2470,62,fcn.004c2470
0x4c25e0,647,fcn.004c25e0
0x4c2870,282,fcn.004c2870
0x4c2b20,116,fcn.004c2b20
0x4c2ba0,12,fcn.004c2ba0
0x4c2bb0,20,fcn.004c2bb0
0x4c2bd0,234,fcn.004c2bd0
0x4c2cc0,156,fcn.004c2cc0
0x4c2d60,115,fcn.004c2d60
0x4c2de0,80,fcn.004c2de0
0x4c2e30,98,fcn.004c2e30
0x4c2ea0,13,fcn.004c2ea0
0x4c2eb0,171,fcn.004c2eb0
0x4c2f60,434,fcn.004c2f60
0x4c3120,288,fcn.004c3120
0x4c3240,170,fcn.004c3240
0x4c32f0,169,fcn.004c32f0
0x4c33a0,105,fcn.004c33a0
0x4c3410,115,fcn.004c3410
0x4c3490,292,fcn.004c3490
0x4c35c0,354,fcn.004c35c0
0x4c3730,13,method.std::length_error.virtual_4
0x4c3740,348,method.std::logic_error.virtual_8
0x4c38f0,95,method.std::logic_error.virtual_0
0x4c3af0,356,method.std::out_of_range.virtual_8
0x4c3c60,95,method.std::out_of_range.virtual_0
0x4c3e10,8,fcn.004c3e10
0x4c3e20,4,fcn.004c3e20
0x4c3e30,10,fcn.004c3e30
0x4c3e40,1115,fcn.004c3e40
0x4c42a0,159,fcn.004c42a0
0x4c4340,168,fcn.004c4340
0x4c4420,24,fcn.004c4420
0x4c4440,3,fcn.004c4440
0x4c4450,19,fcn.004c4450
0x4c4470,71,fcn.004c4470
0x4c44c0,253,fcn.004c44c0
0x4c45e0,74,fcn.004c45e0
0x4c4630,136,fcn.004c4630
0x4c46c0,155,fcn.004c46c0
0x4c4760,155,fcn.004c4760
0x4c4800,180,fcn.004c4800
0x4c48c0,212,fcn.004c48c0
0x4c49a0,285,fcn.004c49a0
0x4c4ac0,72,fcn.004c4ac0
0x4c4b10,273,fcn.004c4b10
0x4c4c30,17,fcn.004c4c30
0x4c4c50,288,fcn.004c4c50
0x4c4d70,547,fcn.004c4d70
0x4c4fa0,255,fcn.004c4fa0
0x4c50a0,201,fcn.004c50a0
0x4c5170,24,fcn.004c5170
0x4c5190,20,fcn.004c5190
0x4c51b0,40,fcn.004c51b0
0x4c51e0,649,fcn.004c51e0
0x4c5470,33,fcn.004c5470
0x4c54a0,33,fcn.004c54a0
0x4c54d0,32,fcn.004c54d0
0x4c54f0,583,fcn.004c54f0
0x4c5740,249,fcn.004c5740
0x4c5840,81,fcn.004c5840
0x4c58a0,292,fcn.004c58a0
0x4c59d0,415,fcn.004c59d0
0x4c5b70,48,fcn.004c5b70
0x4c5ba0,19,fcn.004c5ba0
0x4c5bc0,87,fcn.004c5bc0
0x4c5c20,63,fcn.004c5c20
0x4c5c60,108,fcn.004c5c60
0x4c5cd0,61,fcn.004c5cd0
0x4c5d10,80,fcn.004c5d10
0x4c5d60,39,fcn.004c5d60
0x4c5df0,124,fcn.004c5df0
0x4c5e70,293,fcn.004c5e70
0x4c5fa0,77,fcn.004c5fa0
0x4c5ff0,214,fcn.004c5ff0
0x4c60d0,213,fcn.004c60d0
0x4c61b0,62,fcn.004c61b0
0x4c61f0,18,fcn.004c61f0
0x4c62c0,219,fcn.004c62c0
0x4c63a0,1051,fcn.004c63a0
0x4c67c0,199,fcn.004c67c0
0x4c6890,266,fcn.004c6890
0x4c69a0,28,fcn.004c69a0
0x4c69c0,36,fcn.004c69c0
0x4c69f0,107,fcn.004c69f0
0x4c6a60,92,fcn.004c6a60
0x4c6ac0,26,fcn.004c6ac0
0x4c6ae0,36,fcn.004c6ae0
0x4c6b10,33,fcn.004c6b10
0x4c6b60,12,fcn.004c6b60
0x4c6b70,224,fcn.004c6b70
0x4c6d20,149,fcn.004c6d20
0x4c6e70,149,fcn.004c6e70
0x4c6f10,100,fcn.004c6f10
0x4c6f80,251,fcn.004c6f80
0x4c7310,472,fcn.004c7310
0x4c7580,1183,fcn.004c7580
0x4c7a20,1233,fcn.004c7a20
0x4c8020,1549,fcn.004c8020
0x4c8760,1094,fcn.004c8760
0x4c8bb0,1279,fcn.004c8bb0
0x4c9180,22,fcn.004c9180
0x4c91a0,16,fcn.004c91a0
0x4c91b0,117,fcn.004c91b0
0x4c9290,128,fcn.004c9290
0x4c9390,31,fcn.004c9390
0x4c93b0,56,fcn.004c93b0
0x4c93f0,145,fcn.004c93f0
0x4c9530,523,fcn.004c9530
0x4c9740,1,fcn.004c9740
0x4c9790,31,fcn.004c9790
0x4c97b0,77,fcn.004c97b0
0x4c9840,69,fcn.004c9840
0x4c9890,139,fcn.004c9890
0x4c9920,335,fcn.004c9920
0x4c9a70,252,fcn.004c9a70
0x4c9b70,169,fcn.004c9b70
0x4c9c20,40,fcn.004c9c20
0x4c9e50,320,fcn.004c9e50
0x4c9f90,50,fcn.004c9f90
0x4c9fd0,300,fcn.004c9fd0
0x4ca250,212,fcn.004ca250
0x4ca450,55,fcn.004ca450
0x4ca490,244,fcn.004ca490
0x4ca590,53,fcn.004ca590
0x4ca5d0,198,fcn.004ca5d0
0x4ca6a0,223,fcn.004ca6a0
0x4ca780,55,fcn.004ca780
0x4ca7c0,59,fcn.004ca7c0
0x4ca800,59,fcn.004ca800
0x4ca840,64,fcn.004ca840
0x4ca880,64,fcn.004ca880
0x4ca8c0,64,fcn.004ca8c0
0x4ca900,63,fcn.004ca900
0x4ca940,68,fcn.004ca940
0x4ca990,56,fcn.004ca990
0x4ca9d0,13,fcn.004ca9d0
0x4ca9e0,12,fcn.004ca9e0
0x4ca9f0,5,fcn.004ca9f0
0x4caa00,8,fcn.004caa00
0x4caa10,8,fcn.004caa10
0x4caa20,22,fcn.004caa20
0x4caa40,506,fcn.004caa40
0x4cac40,640,fcn.004cac40
0x4caf30,334,fcn.004caf30
0x4cb080,235,fcn.004cb080
0x4cb170,370,fcn.004cb170
0x4cb370,325,fcn.004cb370
0x4cb4c0,156,fcn.004cb4c0
0x4cb560,36,fcn.004cb560
0x4cb590,95,fcn.004cb590
0x4cb5f0,84,fcn.004cb5f0
0x4cb650,69,fcn.004cb650
0x4cb6a0,280,fcn.004cb6a0
0x4cb7c0,10,fcn.004cb7c0
0x4cb7d0,17,fcn.004cb7d0
0x4cb7f0,326,fcn.004cb7f0
0x4cb940,157,fcn.004cb940
0x4cbab0,189,fcn.004cbab0
0x4cbbe0,245,fcn.004cbbe0
0x4cbcd5,252,fcn.004cbcd5
0x4cbdd1,159,fcn.004cbdd1
0x4cbe70,129,fcn.004cbe70
0x4cbef1,59,fcn.004cbef1
0x4cbf2c,152,fcn.004cbf2c
0x4cbfc4,147,fcn.004cbfc4
0x4cc057,360,fcn.004cc057
0x4cc1bf,371,fcn.004cc1bf
0x4cc332,155,fcn.004cc332
0x4cc3d0,333,fcn.004cc3d0
0x4cc51d,294,fcn.004cc51d
0x4cc650,347,fcn.004cc650
0x4cc7ab,308,fcn.004cc7ab
0x4cc8df,340,fcn.004cc8df
0x4cca33,306,fcn.004cca33
0x4ccdea,157,fcn.004ccdea
0x4cce87,78,fcn.004cce87
0x4cced5,138,fcn.004cced5
0x4ccf60,175,fcn.004ccf60
0x4cd896,68,fcn.004cd896
0x4cd8da,68,fcn.004cd8da
0x4cd91e,68,fcn.004cd91e
0x4cd962,68,fcn.004cd962
0x4cd9c0,7,fcn.004cd9c0
0x4cd9d0,39,fcn.004cd9d0
0x4cda00,188223,fcn.004cda00
0x4cdb40,1226,fcn.004cdb40
0x4ce190,61,fcn.004ce190
0x4ce1d0,14,fcn.004ce1d0
0x4ce260,378,fcn.004ce260
0x4ce3e0,39,fcn.004ce3e0
0x4ce410,50,fcn.004ce410
0x4ce450,7,fcn.004ce450
0x4ce460,194,fcn.004ce460
0x4ce580,23,fcn.004ce580
0x4ce5a0,7,fcn.004ce5a0
0x4ce680,7,fcn.004ce680
0x4ce690,258,fcn.004ce690
0x4ce7a0,18,fcn.004ce7a0
0x4ce7c0,18,fcn.004ce7c0
0x4ce7e0,14,fcn.004ce7e0
0x4ce7f0,7,fcn.004ce7f0
0x4ce800,117,fcn.004ce800
0x4ce8c0,71,fcn.004ce8c0
0x4ce910,591,fcn.004ce910
0x4ceb60,478,fcn.004ceb60
0x4ced40,121,fcn.004ced40
0x4cedc0,123,fcn.004cedc0
0x4cee50,137,fcn.004cee50
0x4ceee0,170,fcn.004ceee0
0x4cef90,274,fcn.004cef90
0x4cf0b0,148,fcn.004cf0b0
0x4cf150,48,fcn.004cf150
0x4cf180,138,fcn.004cf180
0x4cf210,10,fcn.004cf210
0x4cf220,4,fcn.004cf220
0x4cf230,309,fcn.004cf230
0x4cf370,348,fcn.004cf370
0x4cf4d0,103,fcn.004cf4d0
0x4cf540,40,fcn.004cf540
0x4cf570,646,fcn.004cf570
0x4cf8a0,153,fcn.004cf8a0
0x4cf940,499,fcn.004cf940
0x4cfb40,82,fcn.004cfb40
0x4cfba0,28,fcn.004cfba0
0x4cfbc0,218,fcn.004cfbc0
0x4cfca0,403,fcn.004cfca0
0x4cfe80,8,fcn.004cfe80
0x4cfe90,8,fcn.004cfe90
0x4cfea0,4,fcn.004cfea0
0x4cfeb0,17,fcn.004cfeb0
0x4cff20,7,fcn.004cff20
0x4cff30,186,fcn.004cff30
0x4cfff0,71,fcn.004cfff0
0x4d0040,40,fcn.004d0040
0x4d0070,88,fcn.004d0070
0x4d00d0,81,fcn.004d00d0
0x4d0130,124,fcn.004d0130
0x4d01b0,233,fcn.004d01b0
0x4d02a0,895,fcn.004d02a0
0x4d0620,19,fcn.004d0620
0x4d0640,25,fcn.004d0640
0x4d06c0,85,fcn.004d06c0
0x4d0b80,137,fcn.004d0b80
0x4d0c10,56,fcn.004d0c10
0x4d0c50,389,fcn.004d0c50
0x4d0de0,373,fcn.004d0de0
0x4d0f60,1304,fcn.004d0f60
0x4d1480,493,fcn.004d1480
0x4d1800,13,fcn.004d1800
0x4d1810,13,fcn.004d1810
0x4d1820,333,fcn.004d1820
0x4d1970,296,fcn.004d1970
0x4d1aa0,81,fcn.004d1aa0
0x4d1b40,39,fcn.004d1b40
0x4d1c60,24,fcn.004d1c60
0x4d1c80,158,fcn.004d1c80
0x4d1d20,133,fcn.004d1d20
0x4d1db0,36,fcn.004d1db0
0x4d1de0,781,fcn.004d1de0
0x4d23c0,1132,fcn.004d23c0
0x4d2830,133,fcn.004d2830
0x4d2ad0,413,fcn.004d2ad0
0x4d2f90,367,fcn.004d2f90
0x4d35a0,75,fcn.004d35a0
0x4d35f0,388,fcn.004d35f0
0x4d3780,25,fcn.004d3780
0x4d37a0,1019,fcn.004d37a0
0x4d3da0,763,fcn.004d3da0
0x4d40a0,368,fcn.004d40a0
0x4d4210,888,fcn.004d4210
0x4d4590,1402,fcn.004d4590
0x4d4b10,1170,fcn.004d4b10
0x4d4fb0,180,fcn.004d4fb0
0x4d5070,233,fcn.004d5070
0x4d5160,1399,fcn.004d5160
0x4d56e0,291,fcn.004d56e0
0x4d5810,1092,fcn.004d5810
0x4d5c60,103,fcn.004d5c60
0x4d5cd0,300,fcn.004d5cd0
0x4d5e00,139,fcn.004d5e00
0x4d5e90,104,fcn.004d5e90
0x4d5f00,3122,fcn.004d5f00
0x4d6b70,48,fcn.004d6b70
0x4d6ba0,51,fcn.004d6ba0
0x4d6be0,120,fcn.004d6be0
0x4d6c60,1249,fcn.004d6c60
0x4d7150,340,fcn.004d7150
0x4d72b0,317,fcn.004d72b0
0x4d7410,61,fcn.004d7410
0x4d7450,56,fcn.004d7450
0x4d7490,1895,fcn.004d7490
0x4d7c20,19,fcn.004d7c20
0x4d7c40,298,fcn.004d7c40
0x4d7d70,824,fcn.004d7d70
0x4d80d0,87,fcn.004d80d0
0x4d8140,70,fcn.004d8140
0x4d8200,74,fcn.004d8200
0x4d8260,69,fcn.004d8260
0x4d82c0,68,fcn.004d82c0
0x4d8310,67,fcn.004d8310
0x4d8360,43,fcn.004d8360
0x4d8390,1,fcn.004d8390
0x4d83a0,1,fcn.004d83a0
0x4d83b0,14,fcn.004d83b0
0x4d83c0,139,fcn.004d83c0
0x4d8450,14,fcn.004d8450
0x4d8460,49,fcn.004d8460
0x4d84a0,19,fcn.004d84a0
0x4d84c0,182,fcn.004d84c0
0x4d8580,21,fcn.004d8580
0x4d85a0,14,fcn.004d85a0
0x4d85b0,91,fcn.004d85b0
0x4d8610,76,fcn.004d8610
0x4d8660,14,fcn.004d8660
0x4d8670,14,fcn.004d8670
0x4d8680,3,fcn.004d8680
0x4d86b0,63,fcn.004d86b0
0x4d8710,16,fcn.004d8710
0x4d8720,82,fcn.004d8720
0x4d8780,16,fcn.004d8780
0x4d8790,81,fcn.004d8790
0x4d87f0,34,fcn.004d87f0
0x4d8820,48,fcn.004d8820
0x4d8850,31,fcn.004d8850
0x4d8870,86,fcn.004d8870
0x4d88d0,222,fcn.004d88d0
0x4d89b0,293,fcn.004d89b0
0x4d8b30,37,fcn.004d8b30
0x4d8c50,226,fcn.004d8c50
0x4d8d70,125,fcn.004d8d70
0x4d8df0,34,fcn.004d8df0
0x4d8e20,34,fcn.004d8e20
0x4d8e50,16,fcn.004d8e50
0x4d8e60,2644,fcn.004d8e60
0x4d98c0,487,fcn.004d98c0
0x4d9c60,60,fcn.004d9c60
0x4d9ca0,647,fcn.004d9ca0
0x4d9f50,6,fcn.004d9f50
0x4d9f60,118,fcn.004d9f60
0x4d9fe0,89,fcn.004d9fe0
0x4da040,106,fcn.004da040
0x4da0c0,26,fcn.004da0c0
0x4da0e0,64,fcn.004da0e0
0x4da120,34,fcn.004da120
0x4da150,115,fcn.004da150
0x4da1d0,203,fcn.004da1d0
0x4da2e0,146,fcn.004da2e0
0x4da380,84,fcn.004da380
0x4da3f0,130,fcn.004da3f0
0x4da480,100,fcn.004da480
0x4da540,65,fcn.004da540
0x4da5b0,460,fcn.004da5b0
0x4da780,50,fcn.004da780
0x4da7d0,109,fcn.004da7d0
0x4da840,30,fcn.004da840
0x4da860,53,fcn.004da860
0x4da8a0,17,fcn.004da8a0
0x4da8c0,15,fcn.004da8c0
0x4da8d0,283,fcn.004da8d0
0x4da9f0,62,fcn.004da9f0
0x4daa30,214,fcn.004daa30
0x4dacf0,780,fcn.004dacf0
0x4db000,439,fcn.004db000
0x4db1c0,646,fcn.004db1c0
0x4db450,444,fcn.004db450
0x4db610,332,fcn.004db610
0x4db760,70,fcn.004db760
0x4db7c0,6,fcn.004db7c0
0x4db7d0,624,fcn.004db7d0
0x4dba40,158,fcn.004dba40
0x4dbae0,168,fcn.004dbae0
0x4dbb90,35,fcn.004dbb90
0x4dbbc0,311,fcn.004dbbc0
0x4dbd00,26,fcn.004dbd00
0x4dbd20,83,fcn.004dbd20
0x4dbd80,131,fcn.004dbd80
0x4dbe10,145,fcn.004dbe10
0x4dbeb0,14,fcn.004dbeb0
0x4dbec0,621,fcn.004dbec0
0x4dc130,1262,fcn.004dc130
0x4dc620,83,fcn.004dc620
0x4dc680,643,fcn.004dc680
0x4dc910,1262,fcn.004dc910
0x4dce00,88,fcn.004dce00
0x4dce60,746,fcn.004dce60
0x4dd150,90,fcn.004dd150
0x4dd1b0,49,fcn.004dd1b0
0x4dd1f0,92,fcn.004dd1f0
0x4dd250,79,fcn.004dd250
0x4dd2a0,159,fcn.004dd2a0
0x4dd340,132,fcn.004dd340
0x4dd3d0,83,fcn.004dd3d0
0x4dd430,730,fcn.004dd430
0x4dd710,90,fcn.004dd710
0x4dd770,92,fcn.004dd770
0x4dd7d0,79,fcn.004dd7d0
0x4dd820,159,fcn.004dd820
0x4dd8c0,785,fcn.004dd8c0
0x4ddbe0,22,fcn.004ddbe0
0x4ddc00,133,fcn.004ddc00
0x4ddc90,79,fcn.004ddc90
0x4ddce0,133,fcn.004ddce0
0x4ddd70,126,fcn.004ddd70
0x4dddf0,126,fcn.004dddf0
0x4dde70,132,fcn.004dde70
0x4ddf00,158,fcn.004ddf00
0x4ddfa0,63,fcn.004ddfa0
0x4ddfe0,57,fcn.004ddfe0
0x4de020,125,fcn.004de020
0x4de110,105,fcn.004de110
0x4de180,823,fcn.004de180
0x4de4d0,109,fcn.004de4d0
0x4de550,175,fcn.004de550
0x4de600,243,fcn.004de600
0x4de700,271,fcn.004de700
0x4de810,130,fcn.004de810
0x4de8a0,347,fcn.004de8a0
0x4dea00,850,fcn.004dea00
0x4ded60,1013,fcn.004ded60
0x4df160,101,fcn.004df160
0x4df1e0,102,fcn.004df1e0
0x4df250,46,fcn.004df250
0x4df280,163,fcn.004df280
0x4df380,340,fcn.004df380
0x4df4e0,175,fcn.004df4e0
0x4df590,1856,fcn.004df590
0x4dfd10,51,fcn.004dfd10
0x4dfe80,412,fcn.004dfe80
0x4dfea0,1358,fcn.004dfea0
0x4e03f0,88,fcn.004e03f0
0x4e0450,132,fcn.004e0450
0x4e04e0,49,fcn.004e04e0
0x4e0520,67,fcn.004e0520
0x4e0570,73,fcn.004e0570
0x4e05c0,46,fcn.004e05c0
0x4e05f0,168,fcn.004e05f0
0x4e06f0,50,fcn.004e06f0
0x4e0790,67,fcn.004e0790
0x4e07e0,934,fcn.004e07e0
0x4e0b90,2150,fcn.004e0b90
0x4e1410,51,fcn.004e1410
0x4e1460,124,fcn.004e1460
0x4e1480,134,fcn.004e1480
0x4e1540,21,fcn.004e1540
0x4e1560,45,fcn.004e1560
0x4e1590,181,fcn.004e1590
0x4e1680,38,fcn.004e1680
0x4e1700,44,fcn.004e1700
0x4e1730,132,fcn.004e1730
0x4e17c0,252,fcn.004e17c0
0x4e18c0,198,fcn.004e18c0
0x4e1990,158,fcn.004e1990
0x4e1a30,80,fcn.004e1a30
0x4e1a80,14,fcn.004e1a80
0x4e1a90,44,fcn.004e1a90
0x4e1ac0,50,fcn.004e1ac0
0x4e1b10,195,fcn.004e1b10
0x4e1be0,305,fcn.004e1be0
0x4e1d60,122,fcn.004e1d60
0x4e1e30,23,fcn.004e1e30
0x4e1e50,585,fcn.004e1e50
0x4e20a0,169,fcn.004e20a0
0x4e2240,14,fcn.004e2240
0x4e2250,801,fcn.004e2250
0x4e2580,146,fcn.004e2580
0x4e2620,816,fcn.004e2620
0x4e2950,90,fcn.004e2950
0x4e29b0,92,fcn.004e29b0
0x4e2a10,22,fcn.004e2a10
0x4e2a30,122,fcn.004e2a30
0x4e2ab0,162,fcn.004e2ab0
0x4e2b60,126,fcn.004e2b60
0x4e2be0,200,fcn.004e2be0
0x4e2cb0,1,fcn.004e2cb0
0x4e2cc0,32,fcn.004e2cc0
0x4e2ce0,23,fcn.004e2ce0
0x4e2d00,106,fcn.004e2d00
0x4e2d70,28,fcn.004e2d70
0x4e2d90,106,fcn.004e2d90
0x4e2e00,28,fcn.004e2e00
0x4e2e20,61,fcn.004e2e20
0x4e2fe0,67,fcn.004e2fe0
0x4e3080,833,fcn.004e3080
0x4e33d0,41,fcn.004e33d0
0x4e3400,423,fcn.004e3400
0x4e35b0,349,fcn.004e35b0
0x4e3750,393,fcn.004e3750
0x4e38e0,78,fcn.004e38e0
0x4e3930,101,fcn.004e3930
0x4e39a0,6,fcn.004e39a0
0x4e39b0,134,fcn.004e39b0
0x4e3a70,21,fcn.004e3a70
0x4e3a90,290,fcn.004e3a90
0x4e3c00,515,fcn.004e3c00
0x4e3e10,6,fcn.004e3e10
0x4e3e20,75,fcn.004e3e20
0x4e3e70,32,method.std::length_error.virtual_8
0x4e3e90,30,method.std::length_error.virtual_0
0x4e3eb0,337,fcn.004e3eb0
0x4e4010,290,fcn.004e4010
0x4e41e0,14,fcn.004e41e0
0x4e41f0,14,fcn.004e41f0
0x4e4200,14,fcn.004e4200
0x4e4210,14,fcn.004e4210
0x4e4220,14,fcn.004e4220
0x4e4230,14,fcn.004e4230
0x4e4240,14,fcn.004e4240
0x4e42b0,104,fcn.004e42b0
0x4e4350,56,fcn.004e4350
0x4e43a0,39,fcn.004e43a0
0x4e43d0,33,fcn.004e43d0
0x4e4400,52,fcn.004e4400
0x4e4440,170,fcn.004e4440
0x4e44f0,31,fcn.004e44f0
0x4e4510,73,fcn.004e4510
0x4e4560,98,fcn.004e4560
0x4e45d0,48,fcn.004e45d0
0x4e4600,18,fcn.004e4600
0x4e4620,18,fcn.004e4620
0x4e4660,174,fcn.004e4660
0x4e4720,11,fcn.004e4720
0x4e4730,11,fcn.004e4730
0x4e4740,32,fcn.004e4740
0x4e4760,254,fcn.004e4760
0x4e4860,13,fcn.004e4860
0x4e4870,45,fcn.004e4870
0x4e48a0,61,fcn.004e48a0
0x4e48e0,101,fcn.004e48e0
0x4e4950,55,fcn.004e4950
0x4e4990,21,fcn.004e4990
0x4e49b0,7372,fcn.004e49b0
0x4e4a30,143,fcn.004e4a30
0x4e4ac0,21,fcn.004e4ac0
0x4e4b20,47,fcn.004e4b20
0x4e4b50,56,fcn.004e4b50
0x4e4b90,104,fcn.004e4b90
0x4e4c90,42,fcn.004e4c90
0x4e4cf0,42,fcn.004e4cf0
0x4e4d20,42,fcn.004e4d20
0x4e4d50,48,fcn.004e4d50
0x4e4ed0,153,fcn.004e4ed0
0x4e4f70,14,fcn.004e4f70
0x4e5050,249,fcn.004e5050
0x4e5150,291,fcn.004e5150
0x4e5280,232,fcn.004e5280
0x4e5370,25,fcn.004e5370
0x4e5392,30602,fcn.004e5392
0x4e5565,40,fcn.004e5565
0x4e5590,45,fcn.004e5590
0x4e55d0,7,fcn.004e55d0
0x4e55e0,7,fcn.004e55e0
0x4e55f0,7,fcn.004e55f0
0x4e5600,86,fcn.004e5600
0x4e56c0,91,fcn.004e56c0
0x4e5750,204,fcn.004e5750
0x4e58b0,127,fcn.004e58b0
0x4e5930,32,fcn.004e5930
0x4e5972,104,fcn.004e5972
0x4e59da,35,fcn.004e59da
0x4e59fd,33,fcn.004e59fd
0x4e5a06,10,fcn.004e5a06
0x4e5a30,130,fcn.004e5a30
0x4e5ac0,254,fcn.004e5ac0
0x4e5bc0,55,fcn.004e5bc0
0x4e5c00,316,fcn.004e5c00
0x4e5d40,55,fcn.004e5d40
0x4e5d80,326,fcn.004e5d80
0x4e5ed0,421,fcn.004e5ed0
0x4e6080,89,fcn.004e6080
0x4e60e0,44,fcn.004e60e0
0x4e6120,123,fcn.004e6120
0x4e6250,53,fcn.004e6250
0x4e6290,486,fcn.004e6290
0x4e6480,300,fcn.004e6480
0x4e65c0,6,fcn.004e65c0
0x4e6680,66,fcn.004e6680
0x4e66d0,62,fcn.004e66d0
0x4e67f0,20,fcn.004e67f0
0x4e680d,174,fcn.004e680d
0x4e6b80,472,fcn.004e6b80
0x4e6d90,63,fcn.004e6d90
0x4e6de0,9,fcn.004e6de0
0x4e6df0,39,fcn.004e6df0
0x4e6e20,369,fcn.004e6e20
0x4e6fa0,424,entry0
0x4e7150,42,fcn.004e7150
0x4e7180,38,fcn.004e7180
0x4e71c0,130,fcn.004e71c0
0x4e7250,254,fcn.004e7250
0x4e7350,40,fcn.004e7350
0x4e7380,420,fcn.004e7380
0x4e7530,50,fcn.004e7530
0x4e7570,151,fcn.004e7570
0x4e7610,98,fcn.004e7610
0x4e7680,334,fcn.004e7680
0x4e77d0,128,fcn.004e77d0
0x4e7900,65,fcn.004e7900
0x4e7950,50,fcn.004e7950
0x4e7990,45,fcn.004e7990
0x4e79d0,164,fcn.004e79d0
0x4e7a80,67,fcn.004e7a80
0x4e7ad0,128,fcn.004e7ad0
0x4e7b50,47,fcn.004e7b50
0x4e7b80,50,fcn.004e7b80
0x4e7bc0,299,fcn.004e7bc0
0x4e7cf0,64,fcn.004e7cf0
0x4e7d30,153,fcn.004e7d30
0x4e7dd0,257,fcn.004e7dd0
0x4e7f00,249,fcn.004e7f00
0x4e8020,33,fcn.004e8020
0x4e8050,140,fcn.004e8050
0x4e80e0,47,fcn.004e80e0
0x4e8110,117,fcn.004e8110
0x4e81b0,30,method.exception.virtual_0
0x4e81d0,90,fcn.004e81d0
0x4e8230,109,fcn.004e8230
0x4e82c0,26,fcn.004e82c0
0x4e82e0,13,method.exception.virtual_4
0x4e82f0,47,fcn.004e82f0
0x4e8320,30,method.type_info.virtual_0
0x4e8490,63,fcn.004e8490
0x4e84e0,821,fcn.004e84e0
0x4e8820,104,fcn.004e8820
0x4e8890,20,fcn.004e8890
0x4e88b0,68,fcn.004e88b0
0x4e8900,85,fcn.004e8900
0x4e8960,383,fcn.004e8960
0x4e8ae0,383,fcn.004e8ae0
0x4e8ca0,59,fcn.004e8ca0
0x4e8ce0,24,fcn.004e8ce0
0x4e8d30,150,fcn.004e8d30
0x4e8dd0,139,fcn.004e8dd0
0x4e8e60,55,fcn.004e8e60
0x4e8ea0,171,fcn.004e8ea0
0x4e8f50,91,fcn.004e8f50
0x4e8fb0,99,fcn.004e8fb0
0x4e9020,432,fcn.004e9020
0x4e91d0,40,fcn.004e91d0
0x4e9200,142,fcn.004e9200
0x4e9290,194,fcn.004e9290
0x4e9360,831,fcn.004e9360
0x4e96a0,127,fcn.004e96a0
0x4e9720,360,fcn.004e9720
0x4e9890,237,fcn.004e9890
0x4e9980,52,fcn.004e9980
0x4e99c0,304,fcn.004e99c0
0x4e9af0,2172,fcn.004e9af0
0x4ea480,66,fcn.004ea480
0x4ea4d0,57,fcn.004ea4d0
0x4ea510,61,fcn.004ea510
0x4ea550,17,fcn.004ea550
0x4ea570,18,fcn.004ea570
0x4ea590,18,fcn.004ea590
0x4ea5b0,19,fcn.004ea5b0
0x4ea5d0,80,fcn.004ea5d0
0x4ea620,41,fcn.004ea620
0x4ea7a0,115,fcn.004ea7a0
0x4ea820,242,fcn.004ea820
0x4ea920,102,fcn.004ea920
0x4ea990,182,fcn.004ea990
0x4eaa50,182,fcn.004eaa50
0x4eab80,41,fcn.004eab80
0x4eabb0,43,fcn.004eabb0
0x4eabe0,114,fcn.004eabe0
0x4eac60,118,fcn.004eac60
0x4eace0,22,fcn.004eace0
0x4ead00,54,fcn.004ead00
0x4ead40,40,fcn.004ead40
0x4ead70,54,fcn.004ead70
0x4eadb0,40,fcn.004eadb0
0x4eae00,184,fcn.004eae00
0x4eaec0,61,fcn.004eaec0
0x4eaf00,150,fcn.004eaf00
0x4eafa0,149,fcn.004eafa0
0x4eb040,92,fcn.004eb040
0x4eb0d0,19,fcn.004eb0d0
0x4eb0f0,122,fcn.004eb0f0
0x4eb170,176,fcn.004eb170
0x4eb240,104,fcn.004eb240
0x4eb2b0,144,fcn.004eb2b0
0x4eb340,51,fcn.004eb340
0x4eb3c0,53,fcn.004eb3c0
0x4eb400,110,fcn.004eb400
0x4eb470,11,fcn.004eb470
0x4eb480,187,fcn.004eb480
0x4eb540,347,fcn.004eb540
0x4eb710,217,fcn.004eb710
0x4eb7f0,21,fcn.004eb7f0
0x4eb810,80,fcn.004eb810
0x4eb860,115,fcn.004eb860
0x4eb8e0,188,fcn.004eb8e0
0x4eb9a0,238,fcn.004eb9a0
0x4eba90,609,fcn.004eba90
0x4ebdd0,816,fcn.004ebdd0
0x4ec100,173,fcn.004ec100
0x4ec1b0,40,fcn.004ec1b0
0x4ec1e0,37,fcn.004ec1e0
0x4ec210,55,fcn.004ec210
0x4ec250,57,fcn.004ec250
0x4ec290,21,fcn.004ec290
0x4ec320,92,fcn.004ec320
0x4ec380,259,fcn.004ec380
0x4ec490,16,fcn.004ec490
0x4ec4a0,17,fcn.004ec4a0
0x4ec4c0,40,fcn.004ec4c0
0x4ec4f0,89,fcn.004ec4f0
0x4ec6ae,523,fcn.004ec6ae
0x4ec6f1,52,fcn.004ec6f1
0x4ec919,10,fcn.004ec919
0x4ec930,83,fcn.004ec930
0x4ec947,9,fcn.004ec947
0x4ec990,21,fcn.004ec990
0x4ec9a5,23,fcn.004ec9a5
0x4ec9bc,25,fcn.004ec9bc
0x4ec9d5,67,fcn.004ec9d5
0x4eca18,22,fcn.004eca18
0x4ecb20,545,fcn.004ecb20
0x4ecd50,129,fcn.004ecd50
0x4ecde0,205,fcn.004ecde0
0x4eceb0,699,fcn.004eceb0
0x4ed170,215,fcn.004ed170
0x4ed250,181,fcn.004ed250
0x4ed310,22,fcn.004ed310
0x4ed330,137,fcn.004ed330
0x4ed3c0,183,fcn.004ed3c0
0x4ed4b8,78,fcn.004ed4b8
0x4ed520,45,fcn.004ed520
0x4ed550,513,fcn.004ed550
0x4ed760,117,fcn.004ed760
0x4ed7e0,37,fcn.004ed7e0
0x4ed810,76,fcn.004ed810
0x4ed860,119,fcn.004ed860
0x4ed8d7,6,fcn.004ed8d7
0x4ed910,110,fcn.004ed910
0x4ed97e,6,fcn.004ed97e
0x4edc70,341,fcn.004edc70
0x4eddd0,283,fcn.004eddd0
0x4edef0,498,fcn.004edef0
0x4ee100,68,fcn.004ee100
0x4ee150,263,fcn.004ee150
0x4ee260,106,fcn.004ee260
0x4ee4e0,53,fcn.004ee4e0
0x4ee520,549,fcn.004ee520
0x4ee750,47,fcn.004ee750
0x4ee780,239,fcn.004ee780
0x4ee870,114,fcn.004ee870
0x4ee8f0,549,fcn.004ee8f0
0x4eeb20,114,fcn.004eeb20
0x4eeba0,521,fcn.004eeba0
0x4eedb0,115,fcn.004eedb0
0x4eee30,9,fcn.004eee30
0x4eee40,9,fcn.004eee40
0x4eee50,525,fcn.004eee50
0x4ef060,60,fcn.004ef060
0x4ef0a0,50,fcn.004ef0a0
0x4ef100,728,fcn.004ef100
0x4ef3e0,40,fcn.004ef3e0
0x4ef410,617,fcn.004ef410
0x4ef680,412,fcn.004ef680
0x4ef820,226,fcn.004ef820
0x4ef910,3193,fcn.004ef910
0x4f0650,57,fcn.004f0650
0x4f0690,33,fcn.004f0690
0x4f06c0,24,fcn.004f06c0
0x4f06e0,72,fcn.004f06e0
0x4f0730,555,fcn.004f0730
0x4f0960,77,fcn.004f0960
0x4f09b0,56,fcn.004f09b0
0x4f0a10,50,fcn.004f0a10
0x4f0a50,474,fcn.004f0a50
0x4f0c50,11,fcn.004f0c50
0x4f0c60,167,fcn.004f0c60
0x4f0e10,18,fcn.004f0e10
0x4f0e80,58,fcn.004f0e80
0x4f0ec0,238,fcn.004f0ec0
0x4f0fb0,158,fcn.004f0fb0
0x4f1050,527,fcn.004f1050
0x4f1460,342,fcn.004f1460
0x4f15c0,524,fcn.004f15c0
0x4f1830,55,fcn.004f1830
0x4f18b0,61,fcn.004f18b0
0x4f18f0,470,fcn.004f18f0
0x4f1b00,114,fcn.004f1b00
0x4f1b80,128,fcn.004f1b80
0x4f1c00,360,fcn.004f1c00
0x4f1d70,161,fcn.004f1d70
0x4f1e20,147,fcn.004f1e20
0x4f1ec0,73,fcn.004f1ec0
0x4f1fc0,101,fcn.004f1fc0
0x4f2030,34,fcn.004f2030
0x4f20d0,100,fcn.004f20d0
0x4f2140,158,fcn.004f2140
0x4f22a0,354,fcn.004f22a0
0x4f2410,91,fcn.004f2410
0x4f2470,205,fcn.004f2470
0x4f2540,89,fcn.004f2540
0x4f25a0,83,fcn.004f25a0
0x4f2600,563,fcn.004f2600
0x4f2840,370,fcn.004f2840
0x4f29c0,196,fcn.004f29c0
0x4f2ca0,32,fcn.004f2ca0
0x4f2da0,59,fcn.004f2da0
0x4f2de0,122,fcn.004f2de0
0x4f2e60,421,fcn.004f2e60
0x4f3010,144,fcn.004f3010
0x4f30a0,202,fcn.004f30a0
0x4f3170,158,fcn.004f3170
0x4f3210,173,fcn.004f3210
0x4f32c0,93,fcn.004f32c0
0x4f3320,43,fcn.004f3320
0x4f3350,108,fcn.004f3350
0x4f33c0,114,fcn.004f33c0
0x4f3440,104,fcn.004f3440
0x4f34b0,117,fcn.004f34b0
0x4f3530,102,fcn.004f3530
0x4f35a0,105,fcn.004f35a0
0x4f3610,157,fcn.004f3610
0x4f36b0,29,fcn.004f36b0
0x4f36d0,15,fcn.004f36d0
0x4f36e0,29,fcn.004f36e0
0x4f3700,177,fcn.004f3700
0x4f37c0,463,fcn.004f37c0
0x4f3990,24,fcn.004f3990
0x4f39b0,24,fcn.004f39b0
0x4f39d0,128,fcn.004f39d0
0x4f3a50,56,fcn.004f3a50
0x4f3ad0,56,fcn.004f3ad0
0x4f3b10,145,fcn.004f3b10
0x4f3bb0,139,fcn.004f3bb0
0x4f3c40,190,fcn.004f3c40
0x4f3d10,1632,fcn.004f3d10
0x4f44f0,388,fcn.004f44f0
0x4f4680,312,fcn.004f4680
0x4f47c0,158,fcn.004f47c0
0x4f4880,849,fcn.004f4880
0x4f4c20,3,fcn.004f4c20
0x4f4c30,279,fcn.004f4c30
0x4f51e6,19,fcn.004f51e6
0x4f51f9,19,fcn.004f51f9
0x4f5421,21,fcn.004f5421
0x4f5436,518,fcn.004f5436
0x4f563c,178,fcn.004f563c
0x4f56ee,518,fcn.004f56ee
0x4f58f4,181,fcn.004f58f4
0x4f59c0,256,fcn.004f59c0
0x4f5ae0,43,fcn.004f5ae0
0x4f5fd0,155,fcn.004f5fd0
0x4f6070,32,fcn.004f6070
0x4f6090,32,fcn.004f6090
0x4f60b0,27,fcn.004f60b0
0x4f60d0,31,fcn.004f60d0
0x4f61a0,881,fcn.004f61a0
0x4f6520,563,fcn.004f6520
0x4f6760,246,fcn.004f6760
0x4f6a60,51,fcn.004f6a60
0x4f6b90,331,fcn.004f6b90
0x4f6ce0,51,fcn.004f6ce0
0x4f6d20,102,fcn.004f6d20
0x4f7060,58,fcn.004f7060
0x4f70a0,401,fcn.004f70a0
0x4f7240,93,fcn.004f7240
0x4f72a0,138,fcn.004f72a0
0x4f7610,94,fcn.004f7610
0x4f7750,62,fcn.004f7750
0x4f7830,27,fcn.004f7830
0x4f7850,227,fcn.004f7850
0x4f7940,33,fcn.004f7940
0x4f7970,130,fcn.004f7970
0x4f7a00,57,fcn.004f7a00
0x4f7b70,62,fcn.004f7b70
0x4f7bb0,33,fcn.004f7bb0
0x4f7be0,113,fcn.004f7be0
0x4f7c60,490,fcn.004f7c60
0x4f7e50,50,fcn.004f7e50
0x4f7e90,113,fcn.004f7e90
0x4f7f10,254,fcn.004f7f10
0x4f8040,131,fcn.004f8040
0x4f80d0,30,fcn.004f80d0
0x4f80f0,143,fcn.004f80f0
0x4f8430,53,fcn.004f8430
0x4f8470,709,fcn.004f8470
0x4f8740,47,fcn.004f8740
0x4f8770,515,fcn.004f8770
0x4f8980,116,fcn.004f8980
0x4f8a00,111,fcn.004f8a00
0x4f8a70,208,fcn.004f8a70
0x4f8b40,35,fcn.004f8b40
0x4f8b70,104,fcn.004f8b70
0x4f8be0,46,fcn.004f8be0
0x4f8c10,45,fcn.004f8c10
0x4f8c40,241,fcn.004f8c40
0x4f8d40,898,fcn.004f8d40
0x4f90d0,696,fcn.004f90d0
0x4f9390,138,fcn.004f9390
0x4f9420,597,fcn.004f9420
0x4f9bf0,321,fcn.004f9bf0
0x4f9d40,1254,fcn.004f9d40
0x4fa2e0,45,fcn.004fa2e0
0x4fa310,147,fcn.004fa310
0x4fa3b0,101,fcn.004fa3b0
0x4fa420,683,fcn.004fa420
0x4fa770,428,fcn.004fa770
0x4fa930,61,fcn.004fa930
0x4fa970,97,fcn.004fa970
0x4faaa0,129,fcn.004faaa0
0x4fab50,257,fcn.004fab50
0x4fac60,194,fcn.004fac60
0x4fad30,80,fcn.004fad30
0x4fad80,304,fcn.004fad80
0x4faeb0,319,fcn.004faeb0
0x4faff0,6,sub.TPLAYX.dll_Ordinal_2_1
0x4faff6,6,sub.TPLAYX.dll_Ordinal_4
0x4faffc,6,sub.TPLAYX.dll_Ordinal_1
0x4fb002,6,sub.DSOUND.dll_DirectSoundCreate
0x4fb13a,6,sub.KERNEL32.dll_RtlUnwind
0x4fb440,31,fcn.004fb440
0x4fb480,790,fcn.004fb480
0x4fb7b4,9,fcn.004fb7b4
0x4fb7bd,60972,fcn.004fb7bd
